City,State,PrivateWork,PublicWork,SelfEmployed,FamilyWork
Aberdeen,WA,71.2,21.7,7.0,0.2
Abilene,TX,77.5,16.5,5.7,0.2
Abingdon,MD,74.4,21.2,4.2,0.2
Abingdon,VA,78.1,15.9,6.0,0.0
Adams Run,SC,77.0,18.3,4.5,0.2
Addison,ME,64.0,19.8,16.1,0.2
Addison,PA,79.8,12.6,7.1,0.5
Adena,OH,82.2,13.9,3.8,0.1
Adger,AL,78.3,15.3,6.2,0.2
Adjuntas,PR,63.0,28.7,8.0,0.3
Adrian,MI,82.3,12.2,5.4,0.1
Adrian,TX,73.2,20.1,6.7,0.0
Afton,TX,59.0,31.2,9.5,0.3
Afton,WY,73.6,19.8,6.2,0.3
Aguada,PR,65.6,24.65,9.649999999999999,0.05
Aguadilla,PR,64.9,25.3,9.6,0.2
Aguas Buenas,PR,68.5,20.5,11.0,0.0
Aguirre,PR,61.6,32.4,6.0,0.0
Aiken,SC,72.7,22.3,4.9,0.1
Akron,AL,76.3,17.6,5.8,0.3
Akron,IN,78.6,15.8,5.4,0.2
Akutan,AK,78.6,15.4,5.9,0.2
Alamo,TN,77.7,14.3,7.9,0.1
Alamogordo,NM,62.7,31.5,5.3,0.4
Alamosa,CO,69.9,21.0,8.6,0.5
Albany,GA,71.36666666666667,23.566666666666666,5.066666666666666,0.06666666666666667
Albany,KY,72.2,20.3,7.5,0.0
Albany,MN,83.2,11.0,5.6,0.2
Albany,OH,71.9,20.4,7.5,0.2
Albany,OR,64.8,28.4,6.7,0.1
Albion,NE,72.7,11.8,15.6,0.0
Albrightsville,PA,83.8,11.3,4.8,0.1
Albuquerque,NM,74.0,20.1,5.6,0.2
Alexander,IA,73.0,12.6,13.9,0.5
Alexander City,AL,70.4,24.1,5.5,0.0
Alexandria,KY,83.9,12.2,3.8,0.0
Alexandria,NE,71.3,12.9,15.6,0.3
Alice,TX,76.0,17.2,6.4,0.3
Aliceville,AL,71.1,23.8,5.1,0.0
Alix,AR,71.5,20.1,7.8,0.5
Alleghany,CA,45.0,42.3,9.7,3.1
Allen,TX,84.1,10.0,5.8,0.2
Allendale,IL,78.5,13.2,8.3,0.0
Allenhurst,GA,63.1,29.1,7.8,0.0
Alleyton,TX,72.6,17.3,9.0,1.1
Alliance,NE,64.4,20.8,14.4,0.5
Allison,TX,69.3,18.4,12.1,0.2
Allouez,MI,63.8,27.6,6.7,2.0
Alma,GA,76.4,19.15,4.4,0.1
Alma Center,WI,73.0,18.1,8.5,0.4
Almena,WI,80.8,10.9,8.1,0.2
Almyra,AR,76.4,15.3,7.7,0.6
Alpena,AR,78.5,11.1,10.2,0.2
Alpena,MI,76.8,15.8,6.9,0.5
Alpena,SD,73.2,11.9,14.9,0.0
Alpharetta,GA,83.1,11.5,5.2,0.1
Alpine,CA,77.3,14.8,7.7,0.2
Alpine,TN,74.4,14.8,10.7,0.1
Alston,GA,81.0,13.9,5.0,0.0
Altamont,NY,75.7,19.6,4.7,0.0
Alto,GA,77.9,14.6,7.2,0.3
Alto,NM,66.2,22.5,10.3,0.9
Altonah,UT,75.1,20.4,4.3,0.2
Altoona,FL,81.5,13.1,5.2,0.1
Altus,OK,65.1,29.2,5.7,0.1
Alva,OK,66.5,20.75,12.55,0.25
Alvo,NE,76.1,17.6,6.1,0.2
Amado,AZ,74.9,18.3,6.6,0.2
Amargosa Valley,NV,74.6,20.1,5.2,0.2
Amarillo,TX,78.30000000000001,14.95,6.65,0.15000000000000002
Amasa,MI,75.4,17.1,7.2,0.3
Amboy,WA,79.9,13.4,6.5,0.2
Amelia,NE,67.6,14.0,18.1,0.4
Amistad,NM,67.3,25.7,6.6,0.4
Amity,AR,71.9,16.3,11.5,0.3
Anaconda,MT,58.5,30.950000000000003,10.15,0.39999999999999997
Anamosa,IA,77.6,12.7,9.5,0.2
Anawalt,WV,66.4,30.8,2.7,0.0
Anchorage,AK,73.3,20.9,5.7,0.1
Andalusia,AL,75.8,17.4,6.550000000000001,0.25
Anderson,SC,81.2,13.1,5.5,0.2
Andersonville,GA,71.5,22.1,6.4,0.0
Andrews,NC,75.7,13.2,11.0,0.1
Andrews,TX,83.1,9.6,6.8,0.5
Angela,MT,63.5,28.8,7.0,0.8
Angola,LA,60.1,33.8,5.9,0.2
Angoon,AK,53.5,30.9,15.6,0.0
Angora,NE,67.2,20.8,11.8,0.2
Animas,NM,69.0,26.1,4.2,0.7
Annabella,UT,71.9,21.0,5.6,1.5
Annapolis,MO,76.3,19.4,4.0,0.2
Anniston,AL,74.1,20.8,5.0,0.1
Antigo,WI,81.6,11.7,6.3,0.4
Apache,OK,67.2,25.1,7.7,0.1
Appleton City,MO,73.6,16.3,9.1,1.1
Arab,AL,78.0,14.8,7.1,0.1
Aragon,NM,50.3,39.7,8.3,1.7
Aransas Pass,TX,75.4,12.4,12.2,0.1
Arapahoe,NC,73.7,18.7,6.7,0.9
Arapahoe,NE,67.6,16.7,15.1,0.6
Arcadia,FL,80.5,14.7,4.8,0.0
Arcadia,LA,70.8,23.8,5.4,0.0
Arcadia,NE,68.8,16.4,14.6,0.2
Arcanum,OH,82.75,11.4,5.65,0.2
Arco,ID,64.6,27.9,7.4,0.1
Arcola,IL,76.4,15.0,8.4,0.2
Ardenvoir,WA,76.8,16.0,6.9,0.2
Ardmore,OK,69.6,23.2,6.9,0.2
Arena,WI,76.5,13.7,9.4,0.4
Arkadelphia,AR,73.1,21.2,5.3,0.3
Arlington,KY,73.2,17.7,9.0,0.2
Arlington,NE,79.6,13.5,6.7,0.2
Arlington,OR,67.7,24.4,7.5,0.4
Arlington,TX,83.1,11.4,5.4,0.1
Arlington,VA,70.1,25.35,4.5,0.05
Armagh,PA,78.4,14.7,6.7,0.2
Armour,SD,68.5,12.8,18.4,0.3
Armstrong,TX,51.9,48.1,0.0,0.0
Arnett,WV,75.4,20.7,3.7,0.1
Arnold,CA,57.4,32.8,9.8,0.0
Arnold,KS,60.2,22.1,17.5,0.2
Arnold,NE,71.7,12.3,15.5,0.5
Arpin,WI,83.5,10.8,5.5,0.2
Arroyo,PR,62.7,30.5,6.9,0.0
Artemus,KY,77.0,17.9,4.6,0.4
Ash,NC,78.0,13.6,8.1,0.2
Ash Grove,MO,80.45,12.25,7.050000000000001,0.25
Ashburn,GA,71.65,23.4,4.95,0.05
Ashburnham,MA,81.2,13.1,5.5,0.2
Ashford,WV,77.7,17.8,4.5,0.0
Ashland,AL,77.5,14.7,7.8,0.0
Ashland,IL,78.5,14.3,7.2,0.0
Ashland,KY,80.3,14.5,5.0,0.3
Ashland,MA,82.8,10.7,6.5,0.1
Ashley,ND,74.8,11.7,10.9,2.6
Aspen,CO,80.5,9.4,9.8,0.2
Assaria,KS,83.0,10.5,6.3,0.3
Astoria,NY,79.9,13.6,6.4,0.1
Atchison,KS,80.1,13.5,6.0,0.4
Athens,AL,77.9,16.4,5.5,0.2
Athens,GA,69.6,26.0,4.3,0.1
Athens,TN,83.0,11.5,5.5,0.0
Atkins,AR,76.5,16.9,6.4,0.2
Atlanta,MI,77.3,13.8,8.7,0.2
Atlantic,VA,73.2,18.6,7.7,0.5
Atlantic City,NJ,79.6,15.5,4.7,0.2
Attleboro,MA,81.8,13.3,4.9,0.1
Atwood,TN,76.3,16.2,7.3,0.1
Au Gres,MI,80.7,11.2,7.9,0.2
Auburn,AL,77.6,17.7,4.6,0.1
Auburn,KY,80.9,10.7,8.2,0.2
Auburn,WV,76.3,20.2,3.5,0.0
Auburntown,TN,75.0,14.0,10.8,0.2
Audubon,MN,74.3,16.4,9.0,0.3
Augusta,GA,74.5,21.1,4.2,0.15000000000000002
Augusta,KY,77.9,15.3,6.9,0.0
Augusta,MO,87.1,8.6,4.1,0.1
Aurora,CO,83.6,11.3,5.0,0.1
Aurora,MO,78.2,11.6,10.2,0.0
Austin,NV,82.3,13.2,4.5,0.0
Austin,PA,80.8,13.2,5.6,0.4
Austin,TX,76.5,16.0,7.4,0.2
Austinburg,OH,84.5,10.4,5.0,0.1
Austinville,VA,74.7,16.0,9.1,0.2
Autaugaville,AL,73.6,20.9,5.5,0.0
Avera,GA,68.6,24.2,7.1,0.1
Avinger,TX,76.0,15.9,8.1,0.0
Avoca,TX,68.7,20.5,10.3,0.5
Avondale,CO,76.6,18.7,4.5,0.2
Axtell,TX,70.4,21.65,7.9,0.05
Axton,VA,81.7,13.8,4.3,0.1
Azle,TX,76.9,14.9,8.1,0.1
Bainbridge,NY,70.2,21.4,8.0,0.5
Bajadero,PR,67.5,25.0,7.4,0.2
Baker,MT,64.7,19.8,14.0,1.5
Baker City,OR,71.2,19.1,9.5,0.3
Bakersfield,CA,76.3,17.2,6.2,0.2
Bakersfield,MO,76.2,13.6,9.9,0.3
Baldwin,IA,85.2,9.5,5.0,0.3
Baldwyn,MS,83.2,12.3,4.4,0.1
Balko,OK,73.3,17.2,9.3,0.2
Ball Ground,GA,83.5,10.7,5.5,0.3
Baltic,OH,81.3,5.8,12.3,0.7
Baltimore,MD,76.4,20.1,3.4,0.1
Bandana,KY,79.9,11.7,8.4,0.0
Banks,AL,75.8,18.7,5.5,0.1
Barceloneta,PR,65.6,29.1,5.2,0.0
Barksdale,TX,57.2,23.0,19.7,0.0
Barnesville,GA,76.3,18.3,5.4,0.1
Barnesville,MN,71.6,15.9,11.7,0.8
Barnhart,MO,84.6,10.3,5.0,0.2
Barnum,IA,78.0,13.4,8.4,0.2
Barranquitas,PR,65.2,26.2,8.6,0.0
Bartlett,TX,78.9,14.9,6.0,0.1
Barton,NY,80.1,14.9,4.9,0.2
Bartow,GA,74.5,18.8,6.2,0.5
Basehor,KS,69.7,25.6,4.7,0.0
Basile,LA,82.4,10.6,7.0,0.0
Bassett,AR,75.5,18.0,6.4,0.0
Batavia,NY,76.6,18.0,5.2,0.2
Bates,OR,57.7,29.3,12.4,0.6
Batesburg,SC,78.5,13.8,6.6,1.2
Batesville,IN,83.1,11.6,5.2,0.1
Bath,IL,74.1,16.2,9.7,0.0
Bath Springs,TN,63.7,25.1,11.1,0.2
Battle Creek,NE,80.6,12.0,7.2,0.1
Battle Ground,IN,81.6,12.5,5.8,0.2
Battle Mountain,NV,57.9,33.8,8.3,0.0
Bauxite,AR,76.4,18.4,5.0,0.2
Bay City,MI,83.9,11.0,5.0,0.1
Bay City,TX,77.4,15.6,7.0,0.0
Bay Port,MI,79.8,11.1,8.7,0.4
Bayamon,PR,70.9,20.8,8.2,0.2
Bayport,NY,77.1,18.1,4.7,0.1
Beach,ND,64.1,17.8,14.2,3.8
Beach Haven,NJ,78.0,16.3,5.4,0.2
Bealeton,VA,73.0,20.0,6.7,0.3
Bear Creek,NC,73.0,17.8,9.1,0.2
Beattyville,KY,65.6,30.8,3.7,0.0
Beaufort,SC,79.0,14.6,6.2,0.2
Beaumont,KY,70.5,14.9,13.8,0.9
Beaverton,MI,78.7,12.1,8.7,0.5
Beaverton,OR,84.4,9.6,5.9,0.1
Bechtelsville,PA,85.8,9.1,5.0,0.1
Becker,MN,83.9,11.2,4.7,0.2
Bedford,KY,83.1,11.1,5.9,0.0
Bee Branch,AR,71.7,17.0,11.3,0.0
Beeson,WV,77.2,17.7,5.0,0.1
Beeville,TX,70.5,22.7,6.7,0.2
Bejou,MN,69.2,15.9,14.5,0.4
Belden,MS,82.9,11.7,5.3,0.1
Belgium,WI,85.5,8.5,5.7,0.2
Bella Vista,CA,72.9,16.7,10.3,0.2
Bellaire,MI,78.2,11.5,10.0,0.3
Belle Plaine,MN,86.6,9.2,4.1,0.1
Belleview,MO,75.2,19.1,5.5,0.1
Belleville,IL,79.8,16.1,4.0,0.1
Bellevue,NE,80.1,15.8,4.1,0.1
Bellevue,TX,72.4,17.0,10.4,0.2
Bells,TX,78.4,13.8,7.5,0.3
Belmont,NY,73.9,18.8,7.1,0.2
Belpre,OH,80.0,15.0,4.8,0.1
Belvidere,NC,69.4,25.9,4.5,0.2
Bend,OR,74.7,15.1,10.0,0.1
Benicia,CA,74.2,19.7,6.0,0.1
Benkelman,NE,60.9,19.3,19.7,0.0
Bennett,IA,73.6,16.3,9.5,0.6
Bennington,IN,81.7,13.2,3.4,1.7
Bennington,VT,77.4,10.1,12.4,0.1
Benzonia,MI,78.0,14.9,7.0,0.1
Berea,KY,74.95,18.85,6.2,0.0
Berkeley Springs,WV,72.5,19.9,7.6,0.0
Berlin Heights,OH,81.4,13.0,5.5,0.1
Bern,ID,71.5,17.9,10.3,0.2
Bernalillo,NM,72.3,21.4,6.2,0.1
Berryton,KS,72.6,19.8,7.5,0.1
Berthoud,CO,80.3,13.1,6.4,0.2
Berwick,LA,80.4,14.9,4.7,0.0
Bessemer,MI,76.0,19.5,4.3,0.2
Bethlehem,GA,83.2,10.1,6.3,0.3
Bethlehem,PA,84.6,10.6,4.7,0.1
Bethune,CO,62.9,22.9,14.0,0.2
Beulah,MS,65.2,28.6,6.1,0.2
Beulah,ND,60.0,16.3,22.6,1.1
Biddeford,ME,78.1,14.0,7.7,0.2
Big Cabin,OK,73.2,18.6,7.8,0.4
Big Pine Key,FL,76.7,14.0,9.1,0.2
Big Rock,TN,65.6,28.5,5.7,0.2
Big Rock,VA,78.7,17.8,3.5,0.0
Big Sandy,MT,59.2,24.5,15.1,1.2
Big Sandy,TN,73.6,18.4,7.8,0.2
Big Spring,TX,68.5,17.0,14.4,0.0
Big Wells,TX,70.5,21.9,7.6,0.0
Bighill,KY,76.9,18.8,4.2,0.2
Biglerville,PA,82.9,11.1,5.9,0.2
Billings,MO,81.4,12.2,6.3,0.1
Billings,MT,82.3,10.6,6.9,0.2
Billingsley,AL,80.3,15.2,4.1,0.5
Binford,ND,70.6,11.1,17.4,0.9
Bingen,WA,70.9,19.7,9.0,0.3
Bird City,KS,60.0,23.8,15.1,1.1
Birdsnest,VA,72.3,17.4,10.2,0.1
Birmingham,AL,80.9,14.4,4.6,0.2
Bisbee,ND,56.5,15.8,26.9,0.8
Bishop,CA,62.4,27.0,10.15,0.45
Bismarck,AR,75.7,18.7,5.6,0.0
Bismarck,ND,76.5,17.9,5.4,0.2
Black River,NY,67.0,26.2,6.7,0.1
Black River Falls,WI,71.9,20.6,7.2,0.3
Blacksburg,SC,83.2,12.9,3.8,0.2
Blacksburg,VA,65.5,30.6,3.8,0.0
Blackstone,VA,62.8,32.5,4.7,0.0
Blackwell,TX,67.4,24.3,8.15,0.15
Blanchard,ID,74.6,13.1,12.2,0.0
Blanchardville,WI,75.2,12.1,12.1,0.6
Blanchester,OH,83.8,10.6,5.4,0.2
Blanco,OK,69.5,24.7,5.8,0.0
Blanco,TX,70.4,17.5,11.8,0.3
Bledsoe,TX,66.6,20.9,12.0,0.4
Bloomery,WV,74.1,17.5,8.2,0.2
Bloomfield,KY,76.7,13.7,9.4,0.2
Bloomingdale,MI,80.6,12.4,6.8,0.2
Bloomington Springs,TN,75.7,15.3,8.6,0.4
Blountsville,AL,82.0,13.5,4.2,0.4
Blue Mound,IL,78.5,13.4,8.0,0.2
Blue Mountain,MS,82.7,11.6,5.6,0.1
Blue Ridge,TX,73.1,19.8,7.1,0.1
Blue River,WI,74.7,16.6,8.0,0.7
Blue Springs,MO,82.7,12.3,4.9,0.1
Blue Springs,NE,73.8,15.9,10.0,0.3
Bluff City,KS,70.4,19.1,10.0,0.6
Bluff Dale,TX,78.6,11.0,9.9,0.5
Bluffton,AR,77.8,13.8,7.4,1.1
Bogart,GA,78.3,15.3,6.0,0.4
Bogata,TX,68.5,17.4,13.8,0.4
Boise,ID,62.7,25.8,11.2,0.3
Bomont,WV,69.1,22.9,7.0,1.0
Bond,CO,81.1,14.6,4.2,0.1
Bonesteel,SD,63.1,17.6,18.6,0.7
Bonita Springs,FL,83.8,8.5,7.4,0.2
Bonners Ferry,ID,71.7,16.8,11.1,0.4
Boone,NC,69.3,22.8,7.3,0.5
Boones Mill,VA,80.1,13.5,6.3,0.2
Boonville,NC,81.2,11.4,7.3,0.0
Boston,GA,74.5,19.1,6.3,0.1
Boston,KY,81.6,13.0,5.3,0.1
Boston,MA,84.4,11.0,4.4,0.1
Boswell,OK,72.3,21.5,6.1,0.1
Boulder,UT,70.8,20.1,8.9,0.3
Bouton,IA,83.7,11.3,4.8,0.2
Boutte,LA,79.8,14.1,6.0,0.1
Bovina,TX,77.6,12.5,9.3,0.5
Bowie,MD,69.1,27.2,3.6,0.1
Bowie,TX,76.25,14.25,9.0,0.5
Bowlegs,OK,72.6,21.2,6.1,0.1
Bowling Green,KY,78.6,16.3,4.9,0.2
Bowling Green,OH,79.3,16.1,4.5,0.1
Bowman,ND,71.6,16.6,11.4,0.3
Box Elder,MT,68.1,25.7,4.6,1.6
Boyertown,PA,86.2,8.1,5.5,0.1
Bozeman,MT,73.2,17.7,8.6,0.4
Bracey,VA,69.6,22.200000000000003,8.05,0.15000000000000002
Brackenridge,PA,86.2,9.3,4.5,0.1
Brackettville,TX,48.7,38.1,13.2,0.0
Bradenton Beach,FL,82.3,11.8,5.5,0.3
Bradford,IL,77.2,12.6,9.0,1.3
Bradford,TN,79.5,12.4,7.9,0.1
Bradgate,IA,70.5,13.9,15.5,0.1
Bradleyville,MO,82.8,8.4,8.8,0.1
Brady,TX,68.1,16.2,14.6,1.1
Braidwood,IL,85.2,11.6,3.1,0.1
Branchville,IN,82.4,11.9,5.4,0.3
Brandon,FL,83.4,12.2,4.3,0.1
Brandy Station,VA,75.1,17.4,7.5,0.1
Brasstown,NC,77.9,13.5,8.2,0.4
Braxton,MS,76.5,19.3,4.1,0.1
Brazil,IN,79.6,13.0,7.1,0.2
Breaux Bridge,LA,81.7,13.7,4.4,0.3
Breckenridge,TX,71.9,16.0,11.9,0.2
Breda,IA,76.6,13.3,9.9,0.2
Breeding,KY,74.8,17.7,7.6,0.0
Bremen,IN,85.2,9.0,5.6,0.2
Bremo Bluff,VA,71.2,20.6,8.1,0.1
Bremond,TX,70.8,20.5,8.4,0.3
Brenham,TX,77.0,14.950000000000001,8.0,0.1
Brewerton,NY,78.3,16.8,4.8,0.1
Briceville,TN,75.9,18.4,5.7,0.1
Bridgeport,WV,75.0,19.3,5.6,0.1
Bridgeton,NJ,75.0,21.1,3.6,0.3
Bridgeville,CA,49.8,29.6,12.7,8.0
Bridgewater Corners,VT,76.7,13.2,10.0,0.2
Brierfield,AL,76.8,16.1,6.7,0.4
Brighton,TN,78.6,16.7,4.6,0.1
Brightwood,VA,68.8,17.6,13.7,0.0
Briscoe,TX,71.1,16.4,12.5,0.0
Bristol,CT,80.7,14.2,4.8,0.2
Bristol,VA,79.65,14.299999999999999,5.9,0.15
Bristol,WI,84.4,11.8,3.6,0.1
Bristow,IA,76.6,11.8,11.0,0.6
Bristow,OK,67.9,24.4,7.3,0.5
Broadus,MT,51.2,23.5,23.2,2.1
Broadview,MT,66.3,13.0,17.9,2.7
Broadview,NM,73.3,22.1,4.7,0.0
Brocket,ND,73.0,18.2,8.5,0.3
Broken Bow,OK,75.1,16.6,8.2,0.2
Bronston,KY,78.8,15.3,5.6,0.3
Bronx,NY,79.9,14.8,5.2,0.1
Brookesmith,TX,75.2,16.5,8.2,0.1
Brookings,SD,75.5,18.6,5.6,0.4
Brooklyn,CT,77.8,16.3,5.5,0.4
Brooklyn,NY,79.1,14.4,6.5,0.1
Brooks,KY,84.6,10.9,4.4,0.1
Brooksville,FL,79.9,14.5,5.4,0.1
Brookville,PA,82.0,10.5,7.2,0.3
Broomfield,CO,79.8,13.8,6.2,0.2
Browns Valley,MN,66.3,15.5,18.0,0.2
Brownsville,TX,72.7,18.2,8.9,0.2
Brownton,MN,85.5,8.5,5.9,0.1
Brunswick,NC,75.0,18.6,6.2,0.2
Brunswick,OH,83.4,11.4,5.1,0.1
Brusly,LA,76.5,17.9,5.6,0.0
Brutus,MI,80.9,12.0,6.8,0.4
Bryan,TX,68.3,25.6,5.8,0.2
Buchanan,GA,74.8,18.3,6.8,0.0
Buchanan,MI,85.3,8.9,5.6,0.2
Buchanan,NY,79.4,13.9,6.6,0.1
Buckatunna,MS,78.1,14.4,7.3,0.2
Buckhannon,WV,76.9,17.0,5.7,0.3
Buckholts,TX,68.5,21.3,9.8,0.4
Buena Vista,CO,69.6,18.5,10.6,1.3
Buena Vista,VA,82.6,15.0,2.3,0.0
Buffalo,MO,77.7,11.0,10.8,0.5
Buffalo,SD,53.7,18.6,24.4,3.4
Buffalo,WY,71.7,19.2,8.2,0.9
Buford,GA,83.7,11.2,5.1,0.0
Buhl,ID,78.8,10.6,9.6,1.0
Bullhead City,AZ,78.3,15.0,6.4,0.3
Bullock,NC,74.9,20.6,4.4,0.0
Buna,TX,77.7,15.5,6.7,0.1
Buncombe,IL,68.9,23.8,6.5,0.8
Burbank,SD,66.2,27.8,6.0,0.1
Burgaw,NC,76.7,14.9,8.2,0.2
Burley,ID,79.8,13.7,6.3,0.1
Burlington,VT,79.4,14.4,6.0,0.1
Burlington,WV,77.3,18.9,3.8,0.0
Burlington,WY,70.2,20.8,8.7,0.3
Burlington Junction,MO,74.6,16.4,8.7,0.3
Burns,TN,78.6,14.6,6.7,0.0
Burnsville,MS,80.6,13.1,6.2,0.1
Burton,WV,79.7,17.2,2.9,0.1
Burwell,NE,55.85,16.95,26.700000000000003,0.5
Bushnell,NE,68.2,16.9,14.9,0.0
Bussey,IA,82.7,11.3,5.9,0.1
Butte,MT,76.0,16.7,6.9,0.4
Butte,NE,59.1,14.9,24.8,1.1
Butternut,WI,74.4,18.9,6.6,0.1
Byhalia,MS,82.4,12.6,5.0,0.0
Byrdstown,TN,64.3,23.6,12.0,0.1
Byron,GA,66.55000000000001,27.95,5.449999999999999,0.05
Cabins,WV,77.7,15.1,7.1,0.0
Cadiz,KY,74.1,18.7,6.8,0.4
Caguas,PR,71.1,20.1,8.7,0.1
Cairo,IL,74.5,19.7,5.8,0.0
Cairo,NE,82.6,12.2,5.2,0.1
Caldwell,OH,79.8,13.8,6.1,0.4
Caledonia,NY,73.9,19.7,5.8,0.6
Calhoun,KY,82.9,11.5,5.3,0.3
Calhoun,MO,77.6,13.0,8.9,0.4
Calhoun City,MS,78.4,12.3,9.1,0.2
Caliente,NV,50.1,43.1,6.6,0.3
Call,TX,79.4,15.8,4.8,0.0
Calumet,MI,73.5,21.3,5.0,0.2
Calvin,WV,78.6,17.3,3.5,0.6
Camarillo,CA,77.8,13.2,8.8,0.2
Cambria,WI,79.7,11.2,8.9,0.2
Cambridge,KS,77.8,16.0,6.0,0.2
Cambridge,NE,66.1,17.4,15.1,1.4
Cambridge,NY,74.0,16.9,8.9,0.2
Camden,AR,74.4,20.7,4.9,0.0
Camden,IL,68.8,21.0,10.0,0.2
Camden,MO,81.1,13.0,5.6,0.3
Cameron,MO,76.1,14.8,9.0,0.1
Camilla,GA,72.5,18.5,7.9,1.1
Camp Douglas,WI,77.3,16.3,6.1,0.4
Camp Hill,PA,79.0,16.0,4.9,0.2
Campbellsburg,IN,83.8,9.7,6.4,0.1
Campbelltown,PA,81.0,12.3,6.4,0.2
Campton,KY,63.9,30.2,5.4,0.5
Campton,NH,75.8,15.4,8.6,0.2
Camuy,PR,66.5,23.9,9.3,0.2
Canandaigua,NY,79.1,15.1,5.7,0.1
Candor,NC,76.95,17.05,5.75,0.25
Cannelburg,IN,79.5,13.7,6.3,0.5
Cannon Beach,OR,74.9,15.9,8.9,0.3
Canovanas,PR,70.8,21.2,7.9,0.0
Canton,MO,79.2,12.1,8.4,0.3
Canton,OH,84.4,10.2,5.3,0.1
Canton,OK,65.6,22.6,10.8,1.1
Cantwell,AK,66.4,24.5,7.9,1.2
Cape Coral,FL,82.8,10.6,6.4,0.2
Carey,ID,73.2,14.0,12.6,0.2
Carlyle,IL,79.1,14.7,6.1,0.1
Carmel,NY,76.0,17.6,6.1,0.3
Carolina,PR,69.0,22.0,8.9,0.1
Carpenter,IA,79.0,12.2,8.8,0.0
Carpenter,SD,61.4,21.7,15.5,1.4
Carrabelle,FL,58.9,26.1,14.9,0.1
Carrington,ND,69.6,12.9,16.3,1.1
Carrollton,VA,74.4,19.9,5.5,0.2
Carson,MS,82.9,14.9,2.3,0.0
Carson,ND,52.4,13.3,32.8,1.5
Carson City,NV,70.3,24.5,4.9,0.2
Cartersville,GA,81.6,14.3,4.0,0.1
Cartersville,VA,68.0,23.3,8.6,0.0
Carthage,AR,72.2,22.2,4.8,0.7
Carthage,MS,73.4,20.5,5.8,0.3
Carthage,NC,74.9,16.0,9.0,0.1
Carthage,NY,64.3,25.9,9.1,0.7
Cartwright,ND,75.8,13.1,10.9,0.2
Cascade Locks,OR,79.0,13.3,7.7,0.0
Casco,WI,82.3,8.8,8.7,0.2
Cassatt,SC,77.1,17.5,5.2,0.2
Castalia,NC,77.0,16.5,6.4,0.1
Castell,TX,66.0,11.6,21.8,0.6
Castleford,ID,80.1,12.1,7.5,0.3
Cataldo,ID,79.7,12.1,8.0,0.3
Cataula,GA,76.9,17.6,5.5,0.0
Catoosa,OK,81.2,13.1,5.5,0.2
Cave City,AR,77.1,15.9,6.9,0.2
Cayce,SC,76.1,18.4,5.3,0.2
Cayey,PR,66.3,23.1,10.7,0.0
Cayuga,IN,82.3,10.6,6.7,0.4
Cecil,GA,74.9,17.5,7.6,0.0
Cedar Bluff,VA,76.7,18.2,5.1,0.0
Cedar Falls,NC,81.1,12.2,6.6,0.2
Cedar Valley,UT,83.1,12.3,4.4,0.2
Ceiba,PR,65.4,20.7,14.0,0.0
Centenary,SC,81.3,13.9,4.8,0.0
Center,NE,61.9,19.7,17.9,0.4
Center,TX,75.3,16.8,7.8,0.1
Center Harbor,NH,74.1,16.5,9.2,0.2
Centerview,MO,70.5,22.9,6.2,0.3
Centerville,KS,72.5,18.3,9.0,0.2
Centerville,PA,80.0,11.2,8.5,0.3
Centerville,TN,77.7,14.0,8.3,0.0
Central,SC,76.2,18.2,5.6,0.1
Central Bridge,NY,67.3,23.8,8.4,0.5
Central City,CO,80.3,14.2,5.5,0.0
Centralia,IL,78.7,15.4,5.9,0.0
Centreville,VA,72.9,21.5,5.4,0.1
Ceres,CA,78.9,14.2,6.8,0.2
Ceresco,NE,75.6,15.6,8.4,0.4
Chadwick,IL,78.1,12.0,9.8,0.1
Challis,ID,65.7,20.9,12.4,1.1
Chamberlain,SD,66.4,16.3,15.4,1.9
Chambers,NE,59.1,16.8,22.7,1.4
Chapel Hill,NC,67.7,25.5,6.6,0.2
Chapin,SC,73.6,22.1,4.3,0.1
Chapmansboro,TN,76.0,14.5,9.2,0.3
Chapmanville,WV,77.8,17.8,4.4,0.0
Chappell,NE,69.6,17.7,12.7,0.0
Charleston,SC,76.1,17.7,6.0,0.2
Charleston,TN,82.4,10.4,7.1,0.2
Charleston,WV,75.7,19.9,4.2,0.2
Charlo,MT,65.3,22.4,11.8,0.5
Charlottesville,VA,68.1,25.8,6.0,0.0
Chase,LA,71.8,16.3,11.6,0.3
Chateaugay,NY,62.5,28.9,8.3,0.2
Chatfield,MN,82.3,11.4,6.0,0.3
Cherokee,AL,78.55,15.350000000000001,6.050000000000001,0.0
Cherokee,NC,68.8,24.0,7.1,0.0
Cherokee,TX,64.5,21.7,13.5,0.3
Cherryvale,KS,70.1,18.9,10.8,0.2
Chesapeake,VA,73.1,22.6,4.2,0.1
Chester,IA,75.1,12.9,11.0,1.1
Chester,PA,85.3,9.8,4.8,0.1
Chester,TX,68.7,22.2,8.7,0.4
Chester Gap,VA,74.0,18.9,6.8,0.3
Chesterland,OH,82.0,9.6,8.1,0.2
Cheyenne,WY,67.6,27.7,4.5,0.2
Cheyenne Wells,CO,57.1,26.0,16.6,0.3
Chicopee,MA,79.5,15.1,5.2,0.1
Chicora,PA,84.9,10.0,4.9,0.1
Chiefland,FL,70.9,18.7,10.3,0.1
Chili,WI,75.8,9.0,14.7,0.6
Chillicothe,MO,72.6,17.2,9.7,0.5
Chillicothe,TX,67.3,25.3,7.5,0.0
Chilton,WI,86.0,9.5,4.3,0.2
Christiana,TN,80.6,13.4,5.8,0.1
Christmas Valley,OR,59.4,27.8,11.5,1.3
Church Hill,TN,79.8,12.6,7.6,0.0
Ciales,PR,58.5,35.8,5.8,0.0
Cibolo,TX,77.0,17.9,4.8,0.3
Cidra,PR,70.6,20.8,8.7,0.0
Cincinnati,OH,84.8,10.4,4.7,0.1
Cincinnatus,NY,72.7,20.6,6.5,0.2
Cisco,TX,76.4,15.1,7.8,0.7
Claremont,IL,79.6,14.2,6.1,0.1
Claremont,SD,67.7,18.0,14.2,0.2
Clarence,MO,74.4,13.5,11.8,0.3
Clarence,PA,78.9,16.1,4.9,0.1
Clarendon,TX,56.4,29.8,13.7,0.0
Clark,SD,66.9,12.8,18.7,1.5
Clarks Mills,PA,82.8,11.0,6.0,0.2
Clarksdale,MO,77.5,16.3,6.1,0.0
Clarkson,NE,74.0,14.6,10.2,1.1
Clarkston,WA,76.9,16.6,6.5,0.0
Clay City,IL,81.8,11.3,6.9,0.0
Clayton,GA,73.7,13.649999999999999,12.3,0.3
Clayton,IN,83.8,12.2,4.0,0.0
Clayton,NM,46.3,42.9,10.7,0.0
Clayton,OK,66.5,23.4,10.0,0.1
Cle Elum,WA,66.1,26.0,7.7,0.3
Clearbrook,MN,70.3,20.1,9.2,0.4
Cleveland,GA,73.2,17.2,9.1,0.4
Cleveland,NY,74.6,19.9,5.3,0.2
Cleveland,OH,83.1,12.6,4.2,0.1
Cleveland,TX,78.4,13.6,7.8,0.2
Clifford,VA,78.8,15.1,5.9,0.2
Clifton,KS,66.4,21.9,11.3,0.4
Clifton,TX,75.7,12.8,11.2,0.4
Clifton Forge,VA,77.3,16.3,6.3,0.1
Clinton,KY,76.1,15.0,9.0,0.0
Clio,AL,71.8,20.8,7.3,0.1
Cloquet,MN,72.8,20.4,6.4,0.3
Clover,SC,82.2,12.6,5.0,0.2
Cloverdale,OR,73.7,16.5,9.8,0.1
Cluster Springs,VA,73.5,18.9,7.3,0.3
Coahoma,TX,72.0,23.0,4.9,0.1
Coal City,IL,83.7,12.2,4.1,0.1
Coalgate,OK,64.6,25.2,9.5,0.7
Coamo,PR,64.4,28.0,7.5,0.0
Coats,KS,71.9,17.2,9.6,1.3
Coatsville,MO,68.1,17.7,13.6,0.5
Coeburn,VA,66.5,28.8,4.3,0.3
Coffeeville,MS,82.2,12.6,5.1,0.1
Colby,KS,69.9,18.5,11.4,0.1
Cold Brook,NY,76.3,16.7,6.9,0.2
Coldwater,MS,79.9,15.8,4.2,0.1
Colebrook,NH,72.7,18.0,9.0,0.4
Coleman,MI,83.0,10.399999999999999,6.15,0.5
Collierville,TN,79.8,13.0,7.1,0.1
Collins,GA,66.7,24.8,8.4,0.1
Collinston,LA,84.4,12.1,3.4,0.1
Collison,IL,78.9,15.2,5.7,0.2
Colonial Heights,VA,71.7,24.1,3.8,0.4
Colorado City,TX,66.7,25.9,7.0,0.4
Colt,AR,70.7,22.1,6.9,0.3
Columbia,CA,67.3,19.8,12.4,0.5
Columbia,TN,81.2,11.6,7.0,0.2
Columbia City,IN,85.1,9.3,5.5,0.1
Columbia Falls,MT,78.2,13.4,8.1,0.3
Columbiaville,MI,85.0,9.1,5.7,0.2
Columbus,GA,75.6,20.3,4.0,0.1
Columbus,IN,87.8,7.6,4.5,0.1
Columbus,NE,76.30000000000001,13.25,10.05,0.35
Columbus Grove,OH,84.7,11.0,4.1,0.1
Comanche,OK,78.0,14.6,7.0,0.4
Comer,GA,67.7,25.1,7.1,0.0
Comerio,PR,63.5,28.4,8.2,0.0
Comfort,TX,73.9,15.7,10.4,0.0
Comfrey,MN,75.1,13.3,11.3,0.3
Comins,MI,73.2,16.0,10.2,0.6
Commerce,GA,78.0,14.6,7.3,0.0
Commerce,OK,73.7,20.9,5.1,0.3
Commiskey,IN,81.9,13.6,4.4,0.1
Concord,NE,72.1,18.0,9.6,0.3
Concord,TX,69.4,14.5,15.7,0.4
Concrete,WA,76.4,15.7,7.8,0.1
Conehatta,MS,68.3,25.8,5.9,0.0
Conley,GA,79.6,15.4,4.9,0.1
Connellsville,PA,84.7,10.3,4.8,0.2
Conover,WI,70.8,15.9,13.0,0.2
Conrad,MT,66.0,19.0,14.4,0.6
Conroe,TX,80.4,11.7,7.8,0.1
Converse,IN,83.6,11.3,5.0,0.1
Conway,NC,72.1,22.9,4.6,0.4
Conway,SC,81.7,12.0,6.1,0.1
Conway Springs,KS,75.6,18.1,6.1,0.2
Cook Station,MO,79.6,11.8,8.4,0.2
Coon Valley,WI,76.3,12.5,10.8,0.4
Cooper,IA,73.1,15.4,10.9,0.5
Coquille,OR,71.8,17.7,9.9,0.5
Cora,WY,73.1,22.8,3.9,0.1
Corinth,KY,81.7,14.3,4.0,0.0
Corinth,ME,77.9,15.9,6.2,0.1
Cornersville,TN,80.8,12.9,6.2,0.1
Corning,CA,70.1,20.1,9.6,0.2
Cornish,NH,79.2,12.9,7.8,0.1
Corsica,SD,68.1,14.9,16.6,0.3
Cortez,CO,68.0,20.5,10.9,0.7
Corunna,IN,87.3,8.5,3.9,0.2
Corunna,MI,80.4,12.4,7.0,0.2
Corwith,IA,77.2,11.6,10.5,0.7
Cosby,TN,77.95,13.45,8.3,0.3
Coshocton,OH,81.5,10.7,7.2,0.7
Cost,TX,77.2,13.2,9.1,0.5
Cotopaxi,CO,66.2,27.0,6.7,0.1
Cotter,AR,78.9,12.8,8.3,0.0
Cotton Center,TX,75.9,16.4,7.4,0.2
Cottonwood Falls,KS,73.3,18.6,8.0,0.1
Cotulla,TX,78.2,14.0,7.8,0.0
Couch,MO,71.4,16.8,11.6,0.2
Coulee City,WA,79.2,14.6,5.7,0.4
Council,ID,60.4,25.2,14.2,0.1
Coupeville,WA,67.2,23.6,8.8,0.4
Courtland,MS,80.1,16.3,3.6,0.0
Cove City,NC,72.1,22.1,5.5,0.3
Covington,GA,76.1,18.8,5.1,0.1
Covington,LA,78.7,14.2,6.9,0.2
Covington,MI,74.0,19.4,6.4,0.2
Covington,PA,77.1,13.8,8.8,0.3
Covington,VA,77.9,18.3,3.6999999999999997,0.0
Coxsackie,NY,68.1,23.3,7.8,0.8
Coy,AL,68.9,26.0,5.1,0.0
Crab Orchard,NE,60.5,24.9,14.5,0.1
Crab Orchard,TN,76.4,14.4,8.7,0.4
Craigsville,VA,77.6,16.4,5.8,0.2
Craigville,IN,80.6,10.1,8.7,0.6
Crane,IN,74.5,20.2,4.9,0.4
Crane,TX,82.2,13.9,3.9,0.0
Crawford,OK,59.1,26.6,11.7,2.5
Crawfordsville,IA,81.9,11.2,6.9,0.0
Crawfordville,GA,70.7,23.200000000000003,6.050000000000001,0.0
Crayne,KY,74.5,16.7,8.7,0.1
Crenshaw,MS,68.1,24.4,7.5,0.0
Creole,LA,70.2,22.3,7.2,0.3
Cresco,PA,81.0,14.1,4.8,0.1
Crestline,OH,82.8,11.6,5.5,0.0
Creston,IA,76.9,13.0,9.8,0.3
Creston,WV,77.0,19.0,4.0,0.0
Creswell,NC,75.6,19.3,5.2,0.0
Cromwell,KY,79.7,14.8,5.5,0.0
Crook,CO,72.9,18.9,8.0,0.1
Cropwell,AL,81.6,12.3,6.0,0.1
Crossville,AL,78.8,12.6,8.5,0.1
Crowell,TX,63.949999999999996,24.95,10.25,0.8500000000000001
Crowley,TX,80.9,13.3,5.7,0.1
Crown Point,IN,85.3,11.0,3.5,0.2
Crystal Spring,PA,76.7,15.3,7.5,0.5
Crystal Springs,MS,79.7,15.1,5.2,0.0
Cub Run,KY,71.2,14.6,13.6,0.6
Cuba,IL,77.3,16.3,6.4,0.1
Culbertson,MT,45.0,42.8,11.3,0.9
Culbertson,NE,70.0,17.5,11.2,1.3
Culebra,PR,33.4,44.3,22.2,0.0
Cullman,AL,81.6,12.2,5.8,0.4
Cumberland,KY,74.0,20.2,5.8,0.1
Cumberland Center,ME,81.0,11.1,7.9,0.1
Cumberland Gap,TN,77.8,13.5,8.4,0.3
Currie,MN,70.7,15.2,13.6,0.4
Cushing,IA,79.7,10.9,9.3,0.1
Cushing,OK,73.1,17.4,9.3,0.1
Cushing,WI,79.2,12.1,8.2,0.5
Cusseta,AL,85.1,12.1,2.8,0.0
Cusseta,GA,54.4,38.3,7.3,0.0
Cut Bank,MT,53.0,36.9,8.6,1.5
Cutler,IL,75.7,18.2,5.7,0.4
Cuyahoga Falls,OH,84.2,11.2,4.5,0.1
Cynthiana,IN,83.2,11.1,5.6,0.0
Cypress,FL,62.1,32.1,5.6,0.2
Cypress,IL,66.5,26.9,6.5,0.0
Daggett,MI,80.7,11.9,7.1,0.3
Dahlonega,GA,80.6,11.7,7.4,0.3
Dailey,WV,77.2,18.9,3.9,0.0
Daisy,GA,72.6,16.5,10.6,0.3
Dakota City,IA,78.5,12.0,9.3,0.2
Daleville,AL,71.69999999999999,22.2,5.800000000000001,0.3
Daleville,MS,79.5,16.5,3.7,0.2
Dalhart,TX,77.1,13.05,9.55,0.25
Dalton,MA,78.5,13.4,7.9,0.2
Damon,TX,80.5,14.4,5.0,0.1
Dana,IL,84.2,11.2,4.4,0.2
Danville,GA,60.3,33.4,6.3,0.0
Danville,PA,80.6,14.1,5.2,0.1
Danville,VA,78.4,15.9,5.3,0.5
Darlington,IN,86.6,8.6,4.3,0.5
Datto,AR,78.6,13.4,7.9,0.1
Davidson,NC,84.4,10.4,5.0,0.2
Davis,WV,63.8,31.5,4.7,0.0
Dawson Springs,KY,73.1,17.55,9.25,0.1
Dawsonville,GA,81.35,9.55,8.85,0.3
Dayton,OH,77.25,17.65,5.0,0.15000000000000002
Dayton,TN,75.4,17.2,6.7,0.7
De Borgia,MT,78.5,13.6,8.0,0.0
De Mossville,KY,80.1,12.0,7.7,0.2
De Queen,AR,77.6,14.6,7.8,0.0
De Smet,SD,72.5,11.3,15.8,0.4
De Soto,WI,77.5,13.3,9.1,0.0
Dearborn,MO,84.1,11.4,4.3,0.1
Deary,ID,62.1,30.5,7.2,0.2
Decatur,AL,81.9,12.1,5.9,0.1
Decatur,TN,81.2,12.6,6.3,0.0
Decorah,IA,78.9,10.2,10.15,0.7
Dedham,MA,82.5,11.5,5.8,0.1
Deer Island,OR,79.5,12.7,7.7,0.2
Deer Lodge,TN,68.6,26.7,4.7,0.1
Deer Park,AL,77.4,16.1,6.0,0.4
Deer Trail,CO,77.3,13.8,8.6,0.4
Deerfield,WI,74.2,21.1,4.5,0.1
Defuniak Springs,FL,80.0,10.5,9.2,0.2
Delcambre,LA,80.3,12.9,6.8,0.0
Delta,CO,73.3,15.8,10.7,0.2
Delta,OH,82.5,11.0,6.4,0.1
Deltona,FL,81.8,12.1,5.9,0.2
Deming,NM,73.6,19.8,6.5,0.0
Denhoff,ND,59.3,13.0,27.2,0.5
Denmark,SC,70.9,23.1,6.0,0.0
Dennis,MA,74.3,13.6,12.0,0.1
Denver,CO,83.2,11.2,5.6,0.1
Denver,MO,64.5,15.3,19.8,0.3
Denver City,TX,75.1,14.5,10.25,0.1
Depew,OK,81.7,12.4,5.7,0.2
Derry,NH,80.9,12.3,6.7,0.1
Detroit,MI,86.1,10.0,3.8,0.1
Devol,OK,68.4,20.8,10.8,0.0
Dewy Rose,GA,76.4,14.6,8.75,0.25
Dexter,IA,73.8,14.6,10.9,0.7
Dexter,KY,71.9,20.9,7.0,0.1
Dexter,MO,77.3,13.9,8.8,0.0
Diaz,AR,75.7,17.8,6.1,0.4
Dickinson,AL,83.1,13.6,3.3,0.0
Dickinson,ND,77.5,13.6,8.9,0.1
Dilley,TX,81.1,15.4,3.4,0.1
Dillon,CO,81.5,10.4,8.1,0.0
Dingmans Ferry,PA,78.1,13.6,8.0,0.3
Dinwiddie,VA,74.1,19.5,6.0,0.4
Disputanta,VA,76.8,19.1,3.7,0.4
Divide,CO,69.8,22.5,7.4,0.3
Dixfield,ME,76.7,12.8,10.2,0.4
Dixon Springs,TN,76.2,15.5,8.1,0.2
Dodge,NE,78.05,11.7,9.649999999999999,0.55
Dodson,LA,71.1,21.6,7.2,0.2
Dodson,MT,45.7,38.1,10.2,6.0
Dolliver,IA,80.2,11.3,8.3,0.2
Donaldsonville,LA,81.6,13.4,4.9,0.1
Donnelly,ID,74.3,15.2,10.2,0.4
Doon,IA,76.8,12.1,10.5,0.6
Dorado,PR,68.80000000000001,22.25,8.9,0.15000000000000002
Doswell,VA,78.6,16.9,4.5,0.0
Dothan,AL,80.1,14.25,5.45,0.2
Douglas,GA,78.3,13.8,7.6,0.3
Douglass,TX,72.0,20.0,7.9,0.1
Douglasville,GA,80.5,13.7,5.7,0.1
Dove Creek,CO,69.5,21.7,8.5,0.2
Dover,DE,73.4,22.4,3.9,0.3
Dover,OK,77.4,13.0,9.3,0.3
Dow City,IA,77.8,12.8,8.4,1.0
Downsville,LA,84.3,10.7,4.9,0.2
Doyle,TN,72.7,17.7,9.4,0.1
Doylesburg,PA,81.1,12.2,6.4,0.3
Drakes Branch,VA,64.7,28.6,6.4,0.3
Drewsey,OR,53.4,29.5,16.2,1.0
Driscoll,ND,58.6,16.2,25.1,0.1
Drummond,WI,68.4,20.8,10.4,0.4
Dry Branch,GA,81.1,17.5,1.4,0.0
Dryden,TX,49.4,32.8,16.4,1.4
Du Bois,NE,70.5,18.2,11.1,0.2
Duck Hill,MS,70.7,24.5,4.8,0.0
Dudley,GA,72.8,20.3,6.6,0.2
Duke Center,PA,81.4,11.8,6.7,0.1
Dulce,NM,55.7,36.6,7.5,0.3
Duluth,MN,80.6,14.7,4.7,0.1
Dumont,MN,67.9,18.3,13.5,0.2
Dundee,MS,69.9,23.5,6.3,0.2
Dunellen,NJ,83.1,13.1,3.8,0.1
Dunn Center,ND,65.0,16.8,16.3,1.9
Dunning,NE,63.8,17.1,19.2,0.0
Dupree,SD,40.9,41.7,16.6,0.8
Durand,WI,75.0,12.8,11.9,0.2
Durango,CO,80.1,11.3,8.0,0.6
Durant,MS,72.7,23.8,3.5,0.0
Durham,NC,78.2,16.8,4.9,0.1
Dustin,OK,67.8,24.2,7.4,0.6
Dutch John,UT,47.7,44.1,8.1,0.0
Eagle,ID,77.2,15.8,6.9,0.1
Eagle Pass,TX,68.8,25.0,6.1,0.1
Eagle River,WI,79.0,13.1,7.7,0.2
Earle,AR,75.35,18.35,5.75,0.55
Earling,IA,73.7,13.4,12.5,0.5
East Concord,NY,79.2,16.8,4.0,0.1
East Jordan,MI,81.3,10.4,7.8,0.5
East Nassau,NY,74.3,20.8,4.8,0.1
East Peoria,IL,84.6,10.7,4.7,0.1
East Prairie,MO,72.9,17.7,9.0,0.3
East Stone Gap,VA,74.5,22.5,2.9,0.1
Eastsound,WA,68.9,14.3,16.2,0.5
Eastview,KY,72.8,22.7,4.5,0.0
Eaton,IN,85.1,10.4,4.3,0.2
Eatonton,GA,77.2,15.8,7.0,0.0
Eau Claire,WI,81.2,10.8,7.7,0.3
Ebro,FL,72.5,18.8,8.4,0.3
Echola,AL,77.0,18.9,4.0,0.1
Eckert,CO,70.0,15.0,14.7,0.4
Edelstein,IL,85.8,10.4,3.7,0.1
Edgartown,MA,61.3,16.0,22.6,0.2
Edgemont,SD,58.3,30.45,10.6,0.6499999999999999
Edgerton,MN,76.9,11.3,11.5,0.3
Edgewood,NM,66.2,20.0,13.8,0.0
Edinburg,ND,71.9,16.5,11.5,0.2
Edison,OH,77.5,15.0,6.9,0.5
Edon,OH,82.2,12.4,5.2,0.2
Edson,KS,70.1,22.4,7.5,0.0
Egegik,AK,42.2,51.6,6.1,0.2
Ekalaka,MT,50.0,16.0,30.9,3.1
El Cerrito,CA,77.5,13.6,8.7,0.2
El Paso,TX,65.75,26.5,7.65,0.1
El Reno,OK,77.7,16.3,5.9,0.1
Eldorado,OK,62.9,23.6,12.9,0.6
Eldorado,TX,67.4,23.5,9.1,0.0
Eldridge,IA,82.6,12.5,4.8,0.2
Electra,TX,76.6,13.8,9.5,0.2
Electric City,WA,75.4,19.4,5.1,0.1
Elfrida,AZ,63.2,30.5,6.1,0.2
Elgin,IL,85.9,10.3,3.7,0.2
Elgin,TX,74.5,16.7,8.4,0.4
Elizabeth,LA,69.8,26.2,3.8,0.2
Elizabeth City,NC,64.1,30.85,5.0,0.05
Elk City,KS,77.9,15.0,6.8,0.3
Elk Horn,IA,72.0,13.4,14.3,0.3
Elk Horn,KY,78.6,14.3,7.1,0.0
Elk Park,NC,75.3,14.9,9.5,0.3
Elkhart,IN,87.5,7.7,4.6,0.2
Elkton,OR,72.0,19.5,8.2,0.3
Ellabell,GA,73.3,19.4,7.2,0.1
Ellaville,GA,70.9,23.6,5.5,0.0
Ellenboro,NC,80.4,13.7,5.7,0.2
Ellenboro,WV,71.2,22.3,6.5,0.0
Ellendale,DE,78.8,14.7,6.4,0.1
Ellinger,TX,77.4,13.4,9.0,0.2
Elliott,IA,77.8,11.3,10.6,0.4
Elliottville,KY,69.4,24.6,5.6,0.4
Ellsinore,MO,75.4,14.1,10.5,0.0
Ellsworth,IA,75.1,16.0,8.7,0.2
Ellsworth,NE,57.0,24.5,17.9,0.6
Ellwood City,PA,83.6,10.8,5.5,0.1
Elm City,NC,81.5,14.0,4.3,0.2
Elm Creek,NE,80.5,11.5,7.9,0.1
Elmendorf,TX,79.6,14.8,5.6,0.1
Elmira,NY,78.3,16.7,4.8,0.2
Elmo,UT,71.5,22.5,5.7,0.2
Eltopia,WA,81.7,13.2,5.0,0.1
Ely,NV,60.4,33.5,5.6,0.4
Emmetsburg,IA,73.1,17.7,9.0,0.2
Emory,TX,75.3,15.6,9.0,0.1
Empire,CO,72.1,18.2,8.9,0.8
Empire,LA,72.2,18.7,9.0,0.1
Emporia,VA,74.1,22.6,3.3,0.0
Encampment,WY,72.5,21.8,5.3,0.4
Enders,NE,66.3,13.7,18.7,1.3
Endicott,WA,81.5,14.4,3.8,0.3
Energy,TX,72.2,15.0,12.3,0.5
Enfield,IL,77.5,12.2,10.1,0.2
Enfield,NC,76.7,17.6,5.6,0.1
Engadine,MI,68.9,22.0,8.9,0.2
Englewood,CO,82.9,11.9,5.1,0.1
Englewood,KS,60.7,23.7,15.6,0.1
Englishtown,NJ,80.6,13.8,5.5,0.2
Enigma,GA,72.6,20.6,6.4,0.4
Ennice,NC,68.8,18.4,12.3,0.4
Enochs,TX,75.3,19.1,5.6,0.0
Enola,AR,76.9,17.9,5.1,0.1
Enterprise,LA,69.8,20.2,10.0,0.0
Enterprise,MS,73.0,20.3,6.7,0.0
Enterprise,OR,65.5,20.8,13.5,0.2
Epping,ND,78.3,11.2,10.3,0.2
Epps,LA,72.4,22.8,4.6,0.1
Epworth,GA,73.4,14.3,12.0,0.3
Equality,IL,76.0,15.6,8.4,0.0
Erbacon,WV,77.25,17.0,5.4,0.35
Erick,OK,78.0,12.4,9.2,0.4
Ericson,NE,62.4,18.8,17.2,1.6
Erie,KS,70.9,20.5,8.4,0.2
Erlanger,KY,86.1,10.6,3.2,0.1
Escalante,UT,70.6,23.4,4.1,1.9
Esom Hill,GA,79.6,13.9,6.3,0.2
Essex,MD,77.0,18.3,4.6,0.1
Essig,MN,81.1,9.9,8.8,0.2
Ethan,SD,73.4,15.0,11.4,0.2
Ettrick,WI,78.7,12.0,9.0,0.3
Eudora,AR,71.6,21.4,6.699999999999999,0.25
Eufaula,OK,74.2,19.4,6.4,0.0
Eupora,MS,68.9,24.9,6.0,0.1
Eutaw,AL,75.8,17.2,7.0,0.0
Evans,WV,75.0,19.5,5.4,0.1
Evansville,IN,87.0,9.2,3.7,0.1
Evansville,MN,77.5,13.1,9.2,0.3
Evant,TX,60.3,34.2,5.3,0.2
Everson,WA,75.1,18.0,6.6,0.3
Everton,MO,70.8,14.3,13.8,1.1
Ewing,VA,71.1,23.1,5.3,0.5
Fairbanks,AK,65.8,29.9,4.1,0.2
Fairbury,IL,80.2,13.5,6.3,0.0
Fairfax,VA,73.4,21.9,4.5,0.2
Fairfield,IL,77.2,13.7,9.1,0.0
Fairfield,MT,63.2,19.2,16.5,1.2
Fairfield,NE,73.2,14.6,12.0,0.3
Fairmont,OK,77.6,15.4,6.7,0.2
Fairmont,WV,77.3,17.7,4.8,0.2
Fairplay,CO,70.4,17.5,10.8,1.2
Fairview,OK,72.6,15.1,11.5,0.9
Faith,SD,57.2,16.1,24.9,1.7
Falfurrias,TX,72.8,20.9,6.3,0.0
Fall Branch,TN,76.8,17.1,6.0,0.1
Fallon,NV,68.2,24.2,7.5,0.1
Falls Church,VA,60.6,32.1,7.3,0.0
Falmouth,MI,79.9,10.0,9.6,0.5
Fannin,TX,70.1,21.4,8.2,0.3
Fanwood,NJ,82.6,13.4,3.9,0.1
Farber,MO,75.2,17.1,7.5,0.2
Faribault,MN,82.4,10.8,6.5,0.3
Farina,IL,76.7,16.2,7.0,0.1
Farmersville,IL,74.9,17.1,7.9,0.1
Farmington,NM,76.5,19.4,3.8,0.3
Farmland,IN,81.5,11.0,6.9,0.6
Farnsworth,TX,80.1,10.4,9.2,0.3
Federalsburg,MD,74.35,17.9,7.6,0.2
Felt,ID,77.1,12.9,9.9,0.0
Ferdinand,IN,86.3,6.9,6.7,0.1
Fernandina Beach,FL,81.0,13.5,5.4,0.1
Fernley,NV,76.8,17.4,5.7,0.1
Fernwood,ID,71.3,21.8,6.7,0.2
Ferriday,LA,72.0,21.8,6.1,0.0
Fertile,MN,75.5,16.5,7.8,0.2
Festus,MO,83.9,10.5,5.2,0.4
Fieldton,TX,73.8,16.1,9.9,0.1
Firebaugh,CA,75.4,17.8,6.7,0.2
Fischer,TX,77.2,13.2,9.1,0.4
Fish Camp,CA,60.3,27.8,10.5,1.5
Flandreau,SD,66.0,18.6,14.8,0.5
Flemington,MO,75.7,12.4,11.1,0.9
Fletcher,MO,78.2,15.4,6.4,0.0
Flintville,TN,77.8,12.9,9.0,0.2
Florence,SC,78.0,16.4,5.5,0.1
Florence,WI,75.3,16.2,8.1,0.4
Florida,PR,71.1,25.2,3.7,0.0
Fluker,LA,78.8,16.3,4.9,0.0
Flushing,MI,83.7,11.4,4.7,0.1
Folkston,GA,72.1,24.5,3.3,0.0
Fond Du Lac,WI,84.0,10.7,5.0,0.3
Fontana Dam,NC,69.7,22.8,5.9,1.5
Ford,WA,69.1,21.7,8.8,0.4
Forest,MS,75.4,15.2,8.5,0.8
Forest City,IA,84.3,7.9,7.5,0.3
Forest City,NC,80.4,12.9,6.5,0.2
Forest City,PA,78.3,11.2,10.2,0.3
Forest Hill,WV,69.8,22.4,7.7,0.1
Foristell,MO,86.2,8.7,5.1,0.1
Forrest City,AR,64.9,25.7,9.4,0.0
Fort Bragg,CA,64.9,19.1,15.4,0.6
Fort Buchanan,PR,69.4,18.2,12.3,0.1
Fort Collins,CO,76.0,17.1,6.7,0.2
Fort Davis,TX,50.5,29.5,18.2,1.8
Fort Johnson,NY,79.0,16.2,4.4,0.3
Fort Lauderdale,FL,82.2,11.3,6.4,0.1
Fort Morgan,CO,74.9,17.5,7.3,0.3
Fort Pierce,FL,80.2,13.5,6.1,0.3
Fort Plain,NY,76.4,17.4,6.0,0.1
Fort Scott,KS,75.8,18.3,5.8,0.1
Fort Stewart,GA,61.8,34.7,3.4,0.1
Fort Valley,GA,73.1,21.1,5.4,0.4
Fort Valley,VA,79.1,15.4,5.4,0.2
Fort Wayne,IN,86.4,9.1,4.4,0.2
Fortine,MT,67.6,20.0,12.0,0.4
Fortuna,CA,63.8,22.0,14.0,0.3
Fouke,AR,75.3,16.8,7.8,0.0
Fountain,CO,76.6,17.5,5.7,0.2
Fountain,NC,78.0,17.4,4.4,0.2
Fountaintown,IN,85.4,9.2,5.4,0.1
Fowler,IL,83.4,10.7,5.6,0.2
Fowler,KS,61.2,28.4,10.3,0.2
Francis,OK,65.0,29.3,5.7,0.1
Frankfort,IN,87.5,7.5,4.9,0.1
Franklin,GA,76.0,15.2,8.6,0.2
Franklin,ID,81.3,11.9,6.4,0.3
Franklin,IN,84.1,10.4,5.4,0.1
Franklin,NE,78.6,11.9,8.9,0.5
Franklin,OH,83.9,10.7,5.2,0.1
Franklin,TX,69.8,22.4,7.6,0.1
Franklin,VA,67.0,26.5,5.949999999999999,0.5
Franklin,WV,64.5,25.9,9.1,0.5
Frankston,TX,75.6,13.9,10.4,0.1
Frazer,MT,61.7,22.6,14.9,0.9
Frederick,MD,73.9,20.7,5.2,0.2
Fredericksburg,VA,73.6,22.3,3.9000000000000004,0.15000000000000002
Fredonia,KY,74.5,20.0,5.3,0.2
Fredonia,ND,58.4,11.8,27.8,2.0
Fremont,CA,78.7,13.8,7.4,0.1
French Village,MO,77.3,18.9,3.8,0.1
Friendly,WV,75.8,18.9,5.2,0.0
Frisco,TX,82.2,11.9,5.7,0.1
Fritch,TX,82.0,11.7,5.9,0.4
Frost,MN,74.6,12.5,12.6,0.3
Fulda,MN,81.3,9.5,8.9,0.3
Funk,NE,75.1,12.1,12.3,0.5
Gackle,ND,63.6,14.1,20.4,1.9
Gadsden,AL,79.8,14.4,5.6,0.2
Gainesville,FL,69.1,26.6,4.3,0.1
Galax,VA,80.4,14.1,5.5,0.0
Galena,MD,76.1,13.3,10.1,0.5
Galena,MO,79.0,9.3,11.4,0.3
Galloway,OH,78.4,14.8,6.7,0.1
Gallup,NM,58.1,34.0,7.7,0.1
Galt,IA,76.9,14.6,8.5,0.0
Galva,IA,75.2,14.2,10.3,0.3
Garden,MI,82.1,11.8,5.9,0.3
Garden City,TX,70.0,18.7,11.1,0.2
Gardiner,MT,71.8,13.8,13.5,0.8
Garfield,GA,74.6,21.0,4.4,0.0
Garland,TX,83.9,9.5,6.4,0.1
Garland,UT,79.6,15.9,4.3,0.2
Garyville,LA,84.1,11.9,3.9,0.1
Gasquet,CA,57.0,32.7,10.0,0.4
Gastonia,NC,83.8,11.2,4.9,0.2
Gates,TN,72.5,21.8,5.5,0.3
Gatzke,MN,76.9,12.8,10.0,0.3
Gaylesville,AL,73.1,18.5,7.9,0.5
Genesee,ID,75.0,16.3,8.5,0.3
Genesee,PA,79.1,12.0,8.6,0.3
Geneseo,KS,69.6,20.9,9.5,0.0
Genoa,NE,66.9,16.7,14.9,1.5
Genoa City,WI,81.4,12.0,6.2,0.3
Georgetown,SC,78.9,13.3,7.6,0.1
Georgiana,AL,77.3,18.4,4.1,0.2
Gepp,AR,73.5,14.9,11.0,0.6
Gettysburg,SD,67.9,15.1,16.8,0.3
Gibbon,MN,77.9,11.4,10.3,0.4
Gilbertown,AL,77.5,16.8,5.4,0.3
Gillette,WY,80.8,14.6,4.3,0.3
Gillsville,GA,78.2,13.8,7.2,0.8
Gilman,IA,75.6,14.4,9.6,0.4
Gilman,VT,70.6,17.8,11.1,0.5
Gilman City,MO,71.6,16.4,11.5,0.6
Girard,GA,75.8,17.8,6.1,0.4
Girvin,TX,68.6,24.5,6.0,0.9
Gladeville,TN,80.7,11.7,7.5,0.0
Glen Allan,MS,70.5,24.1,5.2,0.1
Glencoe,OK,67.0,27.4,5.2,0.5
Glennallen,AK,56.6,32.9,10.1,0.4
Glenrock,WY,75.0,17.7,7.0,0.3
Glenwood,AR,68.5,18.4,13.1,0.0
Glenwood,GA,64.3,27.6,8.1,0.0
Gloster,MS,64.2,33.1,2.7,0.0
Glyndon,MN,80.6,13.6,5.7,0.1
Goessel,KS,73.7,15.6,10.1,0.6
Goetzville,MI,63.7,29.5,6.6,0.3
Gold Creek,MT,56.3,31.3,12.4,0.0
Golden City,MO,74.9,12.9,11.1,1.1
Golden Valley,ND,80.3,13.1,6.6,0.0
Goldfield,NV,70.9,18.3,10.8,0.0
Goldsboro,NC,74.5,19.8,5.4,0.3
Good Hope,IL,65.8,28.7,5.3,0.2
Goodhue,MN,81.2,10.7,8.0,0.2
Goodlettsville,TN,77.0,14.9,8.0,0.1
Goodview,VA,80.5,13.8,5.5,0.2
Goose Creek,SC,76.5,19.1,4.3,0.1
Gordo,AL,77.8,17.9,4.2,0.1
Gordon,GA,73.4,19.7,6.7,0.2
Gordonsville,VA,73.6,19.7,6.7,0.0
Goshen,NY,75.7,19.8,4.3,0.1
Goshen,VA,71.4,17.0,11.5,0.1
Gosport,IN,80.5,11.3,7.7,0.4
Gouldbusk,TX,71.4,17.4,10.9,0.2
Gouldsboro,ME,70.5,13.6,15.8,0.1
Gouldsboro,PA,83.7,11.3,4.8,0.2
Gouverneur,NY,68.8,24.3,6.8,0.1
Gove,KS,63.3,18.7,17.8,0.2
Grace,ID,72.4,18.2,8.2,1.2
Graham,KY,74.2,19.5,6.0,0.3
Graham,NC,81.2,12.7,5.8,0.3
Granby,MO,82.2,10.8,6.7,0.3
Grand Forks,ND,73.7,22.0,4.0,0.2
Grand Isle,ME,73.7,17.2,9.0,0.1
Grand Ledge,MI,76.69999999999999,16.35,6.75,0.2
Grand Marais,MN,61.9,26.4,11.0,0.6
Grand Rapids,MI,87.3,7.7,4.9,0.1
Grand Rapids,OH,81.3,13.4,5.1,0.2
Grand Valley,PA,79.9,12.4,7.3,0.3
Granite Falls,MN,76.5,14.8,8.5,0.3
Grant,FL,80.5,13.9,5.4,0.2
Grants,NM,65.0,27.1,7.7,0.2
Grantsville,UT,74.8,21.2,3.9,0.1
Granville Summit,PA,82.7,9.9,7.1,0.2
Grapeview,WA,64.5,25.9,9.5,0.1
Grasston,MN,77.05,15.2,7.55,0.2
Gravois Mills,MO,75.94999999999999,13.25,10.5,0.30000000000000004
Graysville,GA,82.1,13.0,4.8,0.0
Greeley,NE,66.8,12.7,19.3,1.2
Greeleyville,SC,74.35,19.700000000000003,5.9,0.0
Green Castle,MO,67.0,14.8,17.7,0.6
Green City,MO,76.2,12.2,11.0,0.7
Green River,WY,78.6,17.7,3.7,0.0
Green Springs,OH,84.0,11.1,4.8,0.1
Greenbush,MI,77.0,15.6,7.4,0.0
Greene,RI,82.6,12.7,4.6,0.1
Greenfield,IL,76.3,13.0,10.2,0.5
Greenfield,MA,72.2,18.2,9.5,0.2
Greenfield,OH,78.3,17.3,4.2,0.2
Greenleaf,ID,79.8,12.7,7.2,0.3
Greenmountain,NC,71.6,20.799999999999997,7.55,0.1
Greensboro,VT,72.9,15.5,10.8,0.8
Greensburg,KY,74.0,14.6,11.2,0.1
Greenville,AL,75.75,17.0,7.050000000000001,0.25
Greenville,GA,75.6,15.6,8.5,0.2
Greenville,SC,85.0,9.6,5.3,0.1
Greenville,WV,77.2,15.7,7.2,0.0
Greenwich,OH,81.7,12.3,5.8,0.2
Greenwood,AR,84.8,10.6,4.3,0.3
Greenwood,LA,80.0,15.5,4.4,0.1
Greenwood,SC,80.6,13.7,5.6,0.05
Grey Eagle,MN,76.0,12.1,11.1,0.8
Griffithsville,WV,76.9,20.4,2.7,0.0
Grifton,NC,72.9,20.2,6.7,0.3
Grimes,CA,75.6,15.5,8.8,0.1
Grinnell,KS,63.1,18.1,18.6,0.2
Groom,TX,69.05,21.35,9.35,0.2
Grosse Tete,LA,76.9,19.2,3.9,0.0
Groveport,OH,77.5,16.9,5.4,0.2
Grover Hill,OH,83.7,9.9,6.1,0.3
Groves,TX,81.9,13.4,4.5,0.1
Gruver,TX,71.0,18.6,10.2,0.2
Guanica,PR,67.85,26.8,5.35,0.0
Guayama,PR,67.1,27.1,5.7,0.1
Guilford,ME,74.1,14.4,11.3,0.1
Gunnison,CO,66.0,21.55,10.95,1.5
Guntown,MS,77.9,16.1,5.8,0.2
Gurabo,PR,70.8,25.1,4.1,0.0
Gurley,NE,80.8,11.4,7.8,0.0
Guttenberg,IA,84.7,10.0,5.2,0.2
Hadley,MA,71.1,21.4,7.4,0.1
Hagarville,AR,80.3,14.0,5.5,0.2
Hagerstown,IN,82.8,11.9,5.0,0.3
Hagerstown,MD,76.6,18.1,5.1,0.2
Hague,VA,64.9,25.0,10.0,0.0
Haiku,HI,75.7,15.1,8.8,0.4
Haines,AK,69.0,19.7,10.3,1.0
Haleyville,AL,75.0,16.5,8.0,0.5
Hamer,ID,73.9,17.75,8.15,0.30000000000000004
Hamer,SC,80.0,15.6,4.3,0.1
Hamill,SD,50.4,34.2,15.0,0.3
Hamilton,CO,78.2,13.5,8.0,0.3
Hamilton,IN,84.6,10.0,5.3,0.1
Hamilton,MS,80.0,14.8,4.7,0.4
Hamilton,TX,72.9,17.8,7.5,1.9
Hamilton City,CA,68.1,19.8,10.9,1.1
Hamlin,WV,80.7,16.7,2.6,0.0
Hampshire,TN,74.8,10.3,15.0,0.0
Hampstead,MD,76.3,18.2,5.4,0.0
Hampton,NE,78.0,11.3,10.4,0.3
Hampton,VA,73.5,22.5,4.0,0.0
Hanalei,HI,73.0,16.4,10.5,0.1
Hanover,IN,80.1,14.7,4.5,0.7
Hanover,MA,80.9,13.4,5.7,0.1
Hanover,MD,71.75,23.65,4.449999999999999,0.15000000000000002
Hanston,KS,57.6,21.8,19.0,1.6
Hardeeville,SC,77.6,14.7,7.7,0.1
Hardesty,OK,78.7,15.5,5.4,0.3
Hardin,IL,77.0,12.8,9.8,0.4
Hardin,MT,47.7,43.2,8.7,0.5
Harlem,GA,81.2,14.3,4.3,0.2
Harold,KY,71.2,22.3,6.4,0.0
Harpers Ferry,WV,71.6,23.4,4.8,0.2
Harrell,AR,74.9,17.7,7.4,0.0
Harrellsville,NC,73.3,21.3,5.4,0.0
Harrietta,MI,81.9,11.0,6.9,0.2
Harrington,WA,64.7,26.4,8.6,0.2
Harrisburg,MO,71.4,24.0,4.4,0.1
Harrisburg,NE,60.4,19.1,20.4,0.0
Harrisburg,OR,77.7,15.5,6.6,0.1
Harrison,AR,72.9,15.3,11.8,0.0
Harrisonburg,VA,76.55000000000001,17.35,5.75,0.3
Harrisonville,MO,82.1,12.0,5.7,0.2
Harrodsburg,KY,75.8,16.0,7.1,1.1
Harrold,SD,63.1,32.8,3.9,0.2
Harrold,TX,66.0,29.6,4.4,0.1
Hart,MI,79.2,13.3,6.8,0.7
Hartford,AL,75.7,15.0,8.8,0.4
Hartland,ME,78.6,12.7,8.6,0.1
Hartland,MN,83.0,9.6,7.4,0.1
Hartland,WI,87.4,8.3,4.2,0.1
Harvey,AR,70.9,20.0,9.0,0.0
Harvey,ND,67.8,15.6,16.1,0.5
Hastings,FL,81.7,12.4,5.9,0.0
Hastings,MI,83.5,9.7,6.7,0.2
Hatillo,PR,66.7,24.9,8.4,0.0
Hattiesburg,MS,76.65,18.65,4.699999999999999,0.05
Haughton,LA,74.3,20.4,5.2,0.1
Haviland,KS,67.7,19.2,13.1,0.0
Hawkins,WI,76.0,13.3,10.0,0.7
Hawkinsville,GA,69.3,24.1,6.5,0.1
Hawley,PA,77.4,13.7,8.7,0.2
Hawthorne,FL,76.6,17.3,5.9,0.2
Hay Springs,NE,59.9,29.0,10.7,0.4
Hayes,SD,66.5,24.0,8.7,0.8
Hayes Center,NE,57.2,20.0,21.5,1.3
Haymarket,VA,72.3,23.5,4.0,0.1
Hazelton,ND,58.2,17.8,22.8,1.2
Hazen,AR,73.9,15.1,11.1,0.0
Head Waters,VA,61.8,21.3,16.9,0.0
Healy,KS,56.4,26.7,16.7,0.2
Heath,OH,80.4,13.3,6.3,0.1
Hebbronville,TX,56.8,30.7,11.7,0.8
Hebron,KY,85.2,11.3,3.5,0.1
Heflin,AL,76.4,13.9,8.9,0.9
Helena,GA,60.0,31.7,8.3,0.1
Hemingford,NE,68.55,15.899999999999999,15.5,0.05
Hemphill,TX,75.1,18.1,6.8,0.0
Henderson,KY,80.7,14.1,5.1,0.1
Hendersonville,NC,79.8,11.8,8.2,0.1
Henley,MO,67.5,27.8,4.2,0.4
Hennepin,OK,70.8,22.0,6.2,1.0
Henry,SD,82.2,11.7,6.0,0.1
Hensley,AR,77.1,18.1,4.8,0.0
Heppner,OR,77.3,15.5,7.2,0.0
Hereford,TX,73.5,14.5,10.8,1.2
Hernando,FL,78.2,14.4,6.9,0.5
Heron Lake,MN,71.4,12.8,15.3,0.5
Herron,MI,79.9,12.5,7.3,0.3
Herscher,IL,82.0,13.6,4.2,0.1
Hershey,NE,78.5,14.6,6.7,0.2
Hesperia,MI,78.3,13.2,8.2,0.3
Hesston,KS,77.5,12.2,9.9,0.4
Hestand,KY,72.1,15.3,11.4,1.2
Hickman,KY,75.2,17.2,6.7,0.8
Hickman,TN,76.0,13.6,10.3,0.2
Hickory,NC,83.8,10.9,5.2,0.1
Hicksville,OH,83.5,11.1,5.3,0.1
Hico,TX,76.7,15.3,7.9,0.0
Hidalgo,IL,78.7,13.9,7.2,0.1
Higgins,TX,72.7,14.7,12.2,0.4
High Bridge,NJ,79.6,13.6,6.6,0.1
High Point,NC,81.8,11.9,6.2,0.1
High Springs,FL,73.4,21.1,5.5,0.0
Hilham,TN,72.7,17.4,8.6,1.2
Hill,NH,75.6,16.7,7.6,0.1
Hilliard,OH,80.8,14.8,4.3,0.1
Hillsboro,ND,72.3,19.2,8.4,0.2
Hillsdale,NY,71.0,19.8,8.9,0.3
Hilo,HI,69.7,19.4,10.3,0.5
Himrod,NY,72.0,13.9,13.2,0.9
Hines,MN,66.8,26.9,6.2,0.1
Hinsdale,NH,78.3,14.6,7.1,0.1
Hinsdale,NY,73.9,19.8,6.1,0.3
Hitchins,KY,80.1,15.5,4.3,0.1
Hiwassee,VA,76.3,19.0,4.7,0.0
Hixson,TN,79.6,14.3,5.9,0.2
Hobbs,NM,80.8,13.6,5.5,0.1
Hobson,MT,53.1,23.9,19.8,3.2
Hoffman,MN,71.4,14.3,13.9,0.4
Hokah,MN,80.2,9.7,9.9,0.2
Holbrook,ID,68.1,22.4,8.2,1.3
Holcomb,KS,78.3,15.4,6.0,0.3
Holcomb,MO,76.5,16.7,6.6,0.2
Holden,LA,80.7,16.1,2.7,0.4
Holden,UT,73.2,17.4,9.2,0.2
Holdingford,MN,77.6,12.0,9.7,0.6
Holland,IN,87.1,8.4,4.4,0.1
Holland,TX,69.2,25.7,5.0,0.1
Holly,CO,67.5,24.1,8.2,0.1
Holly Ridge,NC,66.3,27.7,5.9,0.1
Holly Springs,NC,80.1,15.1,4.8,0.1
Holmen,WI,82.1,13.7,4.1,0.1
Holt,MI,75.1,19.9,4.9,0.1
Holyoke,CO,70.1,16.2,13.3,0.5
Homer,IN,79.9,11.7,8.1,0.3
Honey Grove,PA,81.6,11.0,7.2,0.2
Hooper,CO,67.6,26.9,5.4,0.1
Hope,AR,73.6,20.3,6.1,0.0
Hope,KY,77.7,16.6,5.5,0.2
Hope,NM,73.6,19.1,7.2,0.1
Hope Valley,RI,75.9,17.3,6.7,0.1
Hopewell,VA,79.0,18.8,2.2,0.0
Hormigueros,PR,64.2,27.2,8.6,0.0
Hornbeak,TN,77.0,13.4,9.1,0.4
Hornell,NY,76.4,16.7,6.7,0.3
Horner,WV,79.0,15.9,5.0,0.1
Horse Cave,KY,76.7,15.0,8.0,0.3
Horseshoe Beach,FL,64.9,27.0,8.1,0.0
Hosford,FL,52.2,38.6,9.2,0.0
Hoskins,NE,69.4,21.4,9.0,0.2
Hosmer,SD,73.1,11.8,14.7,0.4
Houma,LA,82.8,11.9,5.2,0.2
Houston,MS,79.4,14.4,6.2,0.0
Houston,TX,83.4,10.1,6.3,0.1
Hoven,SD,72.4,12.5,14.9,0.2
Howard,KS,59.2,26.6,13.6,0.5
Howard,OH,81.0,11.8,7.1,0.2
Howells,NE,83.3,8.2,8.3,0.3
Hudgins,VA,71.6,20.2,8.2,0.0
Hudson,KY,76.7,15.8,7.2,0.3
Hughes Springs,TX,75.3,17.5,7.1,0.0
Hughesville,MD,64.3,32.6,2.9,0.2
Hughesville,PA,83.8,11.1,5.0,0.1
Hugo,MN,84.7,11.0,4.2,0.1
Hugoton,KS,79.0,15.3,5.7,0.0
Hulett,WY,72.6,15.5,11.7,0.2
Hume,MO,72.2,15.5,12.0,0.3
Humeston,IA,74.9,14.5,9.7,0.9
Humphrey,AR,69.6,26.3,3.9,0.1
Hunnewell,MO,77.3,14.8,7.6,0.2
Hunter,KS,73.0,15.5,11.1,0.4
Huntersville,NC,86.0,9.1,4.8,0.1
Huntley,IL,84.8,10.4,4.7,0.1
Huntsville,AL,75.6,19.5,4.7,0.2
Huntsville,TX,64.3,29.6,5.9,0.2
Huron,SD,70.2,9.7,19.7,0.4
Hurt,VA,79.8,14.2,5.9,0.2
Huson,MT,75.6,17.2,7.2,0.0
Hutchinson,KS,75.1,17.2,7.4,0.3
Hyannis,NE,67.2,12.2,20.6,0.0
Hyde Park,VT,77.0,12.2,10.5,0.3
Hydro,OK,71.2,19.8,8.1,0.8
Hymera,IN,84.0,11.9,4.1,0.0
Idaho Falls,ID,78.0,15.2,6.6,0.3
Idlewild,MI,77.0,15.2,7.4,0.5
Ignacio,CO,66.3,14.8,18.3,0.6
Ilwaco,WA,70.2,22.1,7.7,0.0
Imogene,IA,73.9,17.7,8.4,0.0
Imperial,CA,66.6,27.8,5.2,0.4
Inchelium,WA,52.4,40.6,6.4,0.5
Independence,WV,76.0,18.0,5.8,0.2
Indiahoma,OK,66.1,27.8,5.9,0.2
Indianapolis,IN,85.4,10.5,4.0,0.1
Indianola,MS,70.9,23.6,5.0,0.5
Indianola,NE,72.7,15.8,11.2,0.3
Ingalls,KS,71.2,13.6,14.3,0.9
Ingram,TX,72.8,16.7,10.4,0.1
Interior,SD,34.1,43.1,21.5,1.2
Interlochen,MI,83.0,9.5,7.3,0.2
Inver Grove Heights,MN,83.8,11.9,4.2,0.1
Ione,WA,62.5,26.5,10.4,0.7
Iowa,LA,73.7,20.3,5.8,0.2
Iowa City,IA,67.0,28.0,4.8,0.2
Iron Mountain,MI,82.3,13.6,3.9,0.3
Irons,MI,75.3,16.2,8.0,0.5
Irvine,KY,76.5,16.9,6.2,0.4
Ivins,UT,80.9,13.7,5.3,0.2
Jackson,GA,75.9,18.7,4.2,1.1
Jackson,MO,81.2,13.9,4.7,0.2
Jackson,MS,70.9,23.3,5.8,0.1
Jackson,MT,66.9,20.9,11.7,0.5
Jackson,OH,76.4,18.2,5.0,0.3
Jackson,TN,80.0,14.2,5.5,0.3
Jacksonville,FL,83.6,12.0,4.3,0.1
Jacksonville,GA,62.7,30.8,6.6,0.0
Jacksonville,TX,72.9,20.4,6.5,0.2
Jameson,MO,64.7,19.6,15.4,0.3
Jamestown,IN,84.0,9.9,6.0,0.1
Jamestown,MO,68.8,23.5,7.6,0.1
Janesville,WI,83.6,11.7,4.5,0.1
Jaroso,CO,63.8,21.7,14.0,0.5
Jarratt,VA,74.7,21.5,3.9,0.0
Jarvisburg,NC,76.4,18.5,5.0,0.1
Jasper,AL,74.3,16.0,9.6,0.1
Jasper,AR,64.6,21.1,14.3,0.0
Jasper,FL,65.9,24.5,8.8,0.8
Jasper,GA,79.1,13.8,7.0,0.1
Jayton,TX,49.7,38.9,10.1,1.3
Jayuya,PR,62.2,31.8,6.0,0.0
Jean,NV,84.5,10.7,4.8,0.1
Jefferson,AL,72.6,18.8,7.9,0.7
Jefferson,PA,81.0,16.1,2.8,0.1
Jefferson,TX,78.7,15.2,5.9,0.1
Jeffersonville,VT,73.5,18.7,7.8,0.1
Jenkinsville,SC,78.0,18.8,3.2,0.1
Jennings,KS,64.9,22.3,12.2,0.6
Jennings,OK,74.3,16.6,9.0,0.1
Jerome,MO,74.5,20.6,4.8,0.0
Jersey,AR,72.8,21.6,5.6,0.0
Jersey,VA,62.3,33.9,3.7,0.1
Jersey City,NJ,84.7,10.9,4.4,0.1
Jesup,GA,71.2,21.6,6.5,0.6
Jewett,OH,81.9,12.4,5.0,0.7
Johnson,KS,65.4,21.1,13.4,0.2
Johnson,NE,62.3,27.0,10.6,0.1
Johnson City,NY,75.0,19.5,5.4,0.1
Johnson City,TN,76.2,16.9,6.8,0.05
Johnson Creek,WI,83.8,11.2,4.9,0.1
Johnston City,IL,74.0,21.1,4.9,0.0
Johnstown,PA,81.5,14.1,4.2,0.1
Jones,OK,78.6,15.1,6.1,0.2
Jonesboro,GA,77.9,18.7,3.3,0.0
Jonesboro,LA,67.8,23.7,7.4,1.1
Jonesville,NC,79.1,13.4,7.4,0.1
Jourdanton,TX,78.1,14.3,7.5,0.1
Judsonia,AR,79.2,14.7,5.7,0.4
Juncos,PR,68.5,21.6,9.7,0.2
Junction,TX,68.3,18.0,13.1,0.6
Junction City,KS,72.8,18.3,8.6,0.4
Juneau,AK,53.3,38.8,7.7,0.1
Juneau,WI,83.5,10.9,5.2,0.4
Kadoka,SD,59.3,11.7,28.5,0.5
Kahuku,HI,72.0,22.1,5.7,0.1
Kansas City,KS,82.9,12.9,4.0,0.2
Kansas City,MO,82.7,12.65,4.5,0.1
Karbers Ridge,IL,75.4,18.4,5.7,0.5
Karnak,IL,80.3,14.1,5.4,0.1
Katy,TX,81.7,12.5,5.7,0.2
Kaukauna,WI,87.0,8.6,4.3,0.2
Kearney,NE,79.2,13.7,6.6,0.4
Keatchie,LA,81.0,15.1,3.8,0.2
Keenes,IL,81.0,11.9,7.0,0.1
Kelley,IA,66.3,29.3,4.3,0.0
Kellyton,AL,78.4,15.6,5.5,0.5
Kelso,WA,79.0,14.8,5.8,0.4
Kemah,TX,75.8,18.2,5.8,0.2
Kemp,TX,77.4,16.7,5.8,0.1
Kempner,TX,65.5,26.5,8.0,0.0
Kenai,AK,72.2,17.4,9.8,0.5
Kendrick,ID,65.5,23.3,10.2,0.9
Kenilworth,UT,74.5,20.9,4.2,0.4
Kennard,TX,68.8,17.8,12.1,1.3
Kennedy,AL,81.9,14.2,3.8,0.1
Kennedy,NY,74.4,17.9,7.5,0.2
Kennett,MO,80.0,14.9,4.9,0.1
Kensington,KS,63.9,19.8,15.5,0.8
Kent,NY,77.8,17.0,5.1,0.1
Kent,OH,83.2,12.0,4.7,0.1
Kenton,OH,81.8,11.8,6.4,0.1
Kenton,OK,63.1,23.5,13.0,0.4
Keo,AR,76.8,18.0,5.1,0.2
Keota,OK,78.3,12.1,9.4,0.2
Kermit,TX,77.6,16.8,5.5,0.1
Kernersville,NC,82.4,12.2,5.3,0.2
Kewanee,IL,79.6,13.7,6.6,0.1
Kilmarnock,VA,72.2,16.1,11.7,0.0
Kinderhook,IL,74.2,17.0,8.3,0.6
King And Queen Court Hous,VA,76.6,16.2,7.3,0.0
King Ferry,NY,76.1,17.5,6.1,0.3
King Salmon,AK,49.7,39.2,11.1,0.0
King William,VA,78.6,15.2,6.0,0.2
Kingfield,ME,74.7,14.9,10.3,0.1
Kingman,KS,78.7,15.3,5.8,0.3
Kingsland,AR,70.2,24.5,5.3,0.0
Kingsport,TN,81.2,11.8,6.9,0.1
Kingston,NY,73.8,18.3,7.5,0.4
Kingston,OK,76.2,16.9,5.6,1.2
Kingston,UT,61.3,31.9,6.0,0.9
Kirksville,MO,71.8,22.3,5.9,0.0
Kirkville,IA,82.3,11.5,6.0,0.2
Kirkwood,IL,79.5,12.1,8.2,0.1
Kissimmee,FL,84.6,11.2,4.2,0.0
Kite,GA,70.9,21.0,7.5,0.5
Klamath Falls,OR,73.3,19.3,7.1,0.4
Klamath River,CA,63.5,22.7,13.8,0.1
Klingerstown,PA,81.7,13.0,5.2,0.1
Klondike,TX,78.6,14.4,7.0,0.0
Knippa,TX,66.8,23.8,9.4,0.0
Krakow,WI,76.8,14.2,8.8,0.2
Kress,TX,79.2,12.6,8.2,0.0
Krypton,KY,75.7,19.5,4.8,0.0
Kulm,ND,62.7,16.6,19.5,1.1
La Crosse,IN,85.5,10.3,4.0,0.2
La Grande,OR,70.1,19.7,9.9,0.4
La Junta,CO,46.0,38.4,15.3,0.2
La Plata,MO,71.6,18.6,9.6,0.3
La Plata,PR,71.5,23.6,4.6,0.3
La Pryor,TX,70.4,23.8,5.6,0.1
La Push,WA,69.7,22.0,8.2,0.1
Labelle,FL,70.1,17.7,11.1,1.1
Lackey,VA,67.6,27.5,4.7,0.3
Lacrosse,WA,56.1,39.4,4.4,0.1
Lafayette,CO,78.0,13.4,8.5,0.2
Lagrange,WY,61.1,27.8,10.9,0.3
Lajas,PR,65.0,27.8,7.2,0.0
Lake Ann,MI,77.9,11.4,9.8,0.9
Lake Benton,MN,72.7,11.6,15.3,0.4
Lake Butler,FL,60.3,35.5,4.0,0.2
Lake George,NY,76.0,16.5,7.3,0.1
Lake Minchumina,AK,33.3,61.7,5.1,0.0
Lake Oswego,OR,80.9,11.1,7.8,0.2
Lake Placid,FL,78.4,16.1,5.4,0.1
Lake Village,IN,82.3,10.5,7.2,0.1
Lake Wales,FL,82.6,12.0,5.3,0.1
Lakeville,CT,77.2,13.3,9.2,0.2
Lakota,IA,74.6,12.2,13.0,0.2
Lamar,MS,81.9,11.6,6.449999999999999,0.05
Lamesa,TX,77.0,12.9,10.1,0.0
Lamont,IA,76.0,13.5,9.8,0.7
Lamont,KS,68.7,19.6,11.5,0.2
Lampasas,TX,74.1,14.2,11.7,0.1
Lancaster,SC,82.4,12.3,5.2,0.2
Land O' Lakes,FL,81.2,13.3,5.3,0.2
Landrum,SC,83.1,12.1,4.7,0.1
Lane City,TX,78.9,12.3,8.6,0.2
Lanesville,IN,86.3,10.1,3.4,0.1
Lanexa,VA,74.4,18.2,6.7,0.7
Langlois,OR,67.7,19.4,12.9,0.0
Langtry,TX,65.9,28.9,5.1,0.1
Lansing,NC,72.5,14.9,12.4,0.2
Laquey,MO,57.6,37.1,4.7,0.6
Laredo,TX,74.6,19.4,5.8,0.2
Lares,PR,61.5,32.2,5.6,0.7
Larose,LA,82.1,12.0,5.8,0.2
Las Marias,PR,57.0,33.7,9.3,0.0
Las Piedras,PR,67.2,21.2,11.2,0.45
Laurel,IN,85.3,9.4,5.0,0.2
Laurel,MT,74.9,12.1,12.2,0.8
Lavalette,WV,77.3,18.3,4.4,0.0
Lavina,MT,63.0,23.2,12.6,1.1
Lawndale,NC,75.2,18.8,5.7,0.3
Lawrence,KS,71.8,23.4,4.7,0.1
Lawrence,MA,81.7,12.0,6.1,0.2
Le Roy,MN,77.2,11.7,10.6,0.5
Le Sueur,MN,79.1,14.0,6.8,0.2
Leadore,ID,61.5,23.2,14.6,0.6
Leakesville,MS,68.8,27.7,3.4,0.0
Leakey,TX,61.8,20.5,17.7,0.0
Leasburg,NC,78.4,15.25,6.1,0.2
Lebo,KS,72.0,19.3,8.6,0.0
Ledger,MT,62.95,18.0,12.55,6.5
Leeds,ND,59.2,27.5,13.0,0.3
Leesburg,TX,73.7,16.0,9.9,0.4
Leicester,NC,75.4,14.8,9.8,0.1
Leitchfield,KY,75.5,16.6,7.6,0.3
Lemoyne,NE,54.4,17.1,27.5,1.0
Lena,IL,81.2,10.4,8.1,0.3
Lena,MS,77.4,16.1,6.3,0.1
Lenoir City,TN,80.3,12.6,6.9,0.3
Lenore,WV,73.5,21.6,4.7,0.2
Leonard,ND,72.6,14.6,12.2,0.6
Leoti,KS,68.0,15.8,15.9,0.4
Leroy,MI,79.5,11.7,8.5,0.4
Leslie,AR,68.9,13.5,17.6,0.0
Letcher,KY,73.9,20.8,5.1,0.2
Letohatchee,AL,73.9,20.5,4.2,1.5
Lettsworth,LA,77.4,16.5,5.7,0.4
Levan,UT,76.4,19.2,4.4,0.0
Lewis,KS,69.6,19.8,10.0,0.6
Lewisport,KY,85.1,11.1,3.6,0.1
Lewiston,UT,76.4,18.6,4.9,0.2
Lewistown,MT,67.7,20.2,11.9,0.2
Lexington,KY,78.5,15.1,6.2,0.2
Lexington,VA,80.3,14.9,4.8,0.0
Liberty,IN,74.6,17.1,7.2,1.1
Liberty,NE,51.9,22.4,25.1,0.6
Lidgerwood,ND,73.9,13.3,11.6,1.1
Lima,OH,84.75,10.55,4.5,0.15000000000000002
Lincoln,IL,75.0,17.0,7.9,0.2
Lincoln,KS,64.9,23.0,12.2,0.0
Lincoln,MT,62.8,30.6,6.4,0.2
Lincoln,NE,76.8,18.4,4.6,0.1
Linden,MI,83.8,10.5,5.6,0.2
Linden,TN,70.9,19.9,9.2,0.0
Lineville,IA,69.8,13.2,15.6,1.5
Linn,WV,66.8,29.8,3.4,0.0
Linneus,MO,77.9,13.7,7.9,0.6
Lisbon,OH,82.9,10.6,6.4,0.1
Lisbon Falls,ME,81.9,12.2,5.7,0.2
Litchfield,IL,79.3,14.5,6.0,0.2
Litchfield,MI,81.6,10.6,7.6,0.2
Litchfield,MN,80.6,11.4,7.3,0.7
Litchfield,NE,67.6,13.3,19.1,0.1
Lithonia,GA,80.6,14.3,5.0,0.2
Little Eagle,SD,36.1,40.8,21.5,1.5
Little Falls,NJ,84.1,11.5,4.2,0.1
Little Mountain,SC,79.0,16.5,4.5,0.0
Little River,AL,81.5,12.3,5.8,0.4
Little Suamico,WI,81.0,12.0,6.6,0.3
Littlefork,MN,79.4,13.8,6.7,0.1
Livingston,LA,80.1,15.4,4.4,0.1
Loachapoka,AL,75.5,20.3,4.1,0.1
Lockhart,TX,74.7,18.6,6.7,0.1
Locust,NC,76.5,16.4,6.9,0.2
Locust Grove,OK,64.4,28.8,6.5,0.2
Locust Hill,VA,75.1,16.1,8.8,0.0
Logan,NM,67.0,23.8,7.4,1.8
Logan,OH,76.7,16.6,6.2,0.6
Loiza,PR,61.9,33.7,4.5,0.0
Lombard,IL,86.1,9.5,4.3,0.2
Lonaconing,MD,73.94999999999999,18.799999999999997,6.75,0.44999999999999996
Long Beach,MS,74.9,19.2,5.8,0.1
Long Branch,TX,80.35,12.25,7.4,0.05
Long Pine,NE,64.4,18.2,17.4,0.1
Longford,KS,73.2,12.5,14.0,0.3
Longview,TX,84.7,9.8,5.4,0.1
Longville,MN,71.4,17.9,10.4,0.3
Lontetree,WY,75.4,19.0,5.6,0.0
Lookout Mountain,GA,77.1,10.4,12.2,0.3
Lorman,MS,64.8,34.8,0.4,0.0
Los Angeles,CA,79.0,11.5,9.4,0.2
Los Gatos,CA,73.1,15.3,11.4,0.2
Lost City,WV,78.8,15.8,5.1,0.3
Lost Creek,KY,68.9,24.5,6.4,0.1
Louisiana,MO,78.1,14.4,7.2,0.4
Louisville,KY,84.0,11.5,4.4,0.1
Lovelady,TX,67.8,22.1,9.8,0.3
Lubbock,TX,76.5,16.8,6.5,0.2
Luck,WI,75.8,14.5,9.3,0.4
Ludell,KS,62.9,15.7,20.6,0.8
Lueders,TX,74.0,13.4,12.3,0.3
Lufkin,TX,76.2,17.8,5.9,0.0
Lulu,FL,71.5,24.0,4.4,0.1
Lumberton,NJ,77.4,18.2,4.2,0.1
Luning,NV,57.9,38.4,3.6,0.2
Luquillo,PR,65.7,23.1,10.3,0.9
Luray,SC,73.3,21.9,4.8,0.0
Luray,TN,76.8,16.8,6.5,0.0
Lusk,WY,42.2,38.0,18.7,1.2
Lutcher,LA,83.8,12.8,3.4,0.0
Luverne,MN,77.3,10.5,12.0,0.2
Luverne,ND,66.3,21.1,12.2,0.4
Lyford,TX,66.9,23.9,9.1,0.1
Lyle,MN,83.5,10.2,6.3,0.1
Lynchburg,MO,78.6,12.7,8.5,0.2
Lynchburg,VA,80.7,14.966666666666667,4.2,0.13333333333333333
Lyndhurst,NJ,82.6,11.6,5.7,0.2
Lyndhurst,VA,76.4,17.6,5.8,0.2
Lyons,GA,74.19999999999999,18.6,7.1,0.1
Lyons,NE,75.5,14.1,9.6,0.8
Lysite,WY,61.8,28.3,9.4,0.5
Lytton,IA,72.4,15.1,12.2,0.3
Macksburg,IA,76.85,14.25,8.75,0.1
Macon,GA,76.45,18.25,5.05,0.30000000000000004
Madeline,CA,42.6,50.5,6.8,0.1
Madison,CT,81.2,13.2,5.4,0.2
Madison,FL,67.5,26.7,5.7,0.1
Madison,SD,74.6,15.1,10.1,0.2
Magnolia,IL,79.2,13.5,7.1,0.1
Magnolia,KY,76.80000000000001,13.850000000000001,9.149999999999999,0.3
Magnolia,TX,78.1,16.3,5.6,0.0
Maiden,NC,83.0,11.1,5.8,0.1
Malcom,IA,83.7,9.0,7.2,0.1
Malvern,OH,81.3,9.6,8.8,0.3
Mammoth Cave,KY,72.2,21.0,6.8,0.1
Manakin Sabot,VA,77.5,15.4,6.9,0.3
Manassa,CO,65.8,21.3,12.8,0.0
Manassas,VA,80.3,15.7,3.95,0.1
Manati,PR,70.1,22.5,7.4,0.0
Mancelona,MI,80.1,11.2,8.6,0.1
Mancos,CO,73.0,17.7,9.1,0.2
Manhattan,KS,65.1,30.5,4.3,0.1
Manitou,OK,65.8,24.5,9.1,0.6
Mankato,KS,60.9,19.0,19.8,0.3
Mannboro,VA,77.2,14.9,7.9,0.0
Manokotak,AK,58.5,37.8,3.7,0.0
Mansfield,GA,77.8,17.4,4.5,0.2
Mansfield,MO,72.9,14.3,12.2,0.6
Mansfield,SD,80.1,12.6,7.0,0.3
Mansfield Center,CT,73.8,20.3,5.7,0.2
Manville,RI,84.6,11.3,4.1,0.1
Many,LA,79.1,15.2,5.5,0.2
Maple Park,IL,75.8,20.0,3.9,0.3
Maplewood,WI,79.2,11.9,8.6,0.3
Marathon,TX,49.2,40.4,9.0,1.5
Mardela Springs,MD,74.1,20.5,5.3,0.1
Marengo,IA,72.7,17.4,9.7,0.2
Marengo,IN,77.8,15.3,7.0,0.0
Marengo,WI,75.6,17.4,6.9,0.1
Margaretville,NY,65.7,22.8,11.0,0.5
Maria Stein,OH,84.6,9.1,6.1,0.1
Marianna,FL,63.7,28.3,8.0,0.0
Maricao,PR,62.5,29.1,8.3,0.0
Marienthal,KS,66.5,16.5,17.0,0.0
Marienville,PA,66.5,24.0,9.4,0.1
Marietta,GA,83.8,10.2,5.9,0.1
Marietta,MN,70.4,12.7,16.5,0.3
Marietta,MS,76.7,15.3,8.0,0.0
Marine On Saint Croix,MN,82.4,13.3,4.3,0.1
Marion,IN,84.15,9.75,5.8,0.25
Marion,VA,75.7,17.5,6.6,0.2
Marland,OK,68.3,25.2,5.9,0.7
Marmaduke,AR,78.5,14.5,6.9,0.1
Marmarth,ND,56.1,15.5,27.5,0.9
Marshall,IL,79.35,13.2,7.199999999999999,0.15000000000000002
Marshall,NC,79.0,12.4,8.4,0.3
Marshall,OK,76.0,18.0,5.8,0.2
Marshall,TX,80.6,13.9,5.4,0.1
Marshallberg,NC,66.8,22.2,10.8,0.1
Martha,KY,78.1,17.6,4.3,0.0
Martin,GA,76.2,17.5,6.3,0.0
Martin,OH,82.2,11.6,5.8,0.3
Martinsville,VA,79.3,15.2,5.1,0.3
Marysville,CA,71.8,17.3,10.5,0.5
Marysville,IN,85.8,10.4,3.7,0.1
Maryville,IL,82.8,13.0,4.1,0.1
Mason,IL,83.8,9.2,6.9,0.1
Mason,TX,74.8,10.5,14.3,0.5
Mass City,MI,66.8,23.6,9.1,0.5
Matlock,IA,82.1,9.3,8.3,0.3
Matthews,NC,83.0,11.3,5.5,0.2
Mattoon,IL,73.5,20.0,6.4,0.1
Mauk,GA,58.8,30.4,10.8,0.0
Maunabo,PR,46.7,48.5,4.8,0.0
Maxton,NC,77.2,17.1,5.6,0.0
Maxwell,IN,83.4,12.3,4.2,0.0
May,OK,64.8,24.5,10.2,0.6
Mayaguez,PR,65.9,26.1,8.0,0.0
Mayer,AZ,76.3,14.2,9.4,0.1
Mayesville,SC,76.6,19.2,4.1,0.1
Mayo,FL,59.1,33.1,7.8,0.0
Mayslick,KY,76.9,16.85,6.25,0.0
Maywood,NE,62.8,18.8,16.5,2.0
McAlpin,FL,73.8,20.6,5.5,0.1
McClure,PA,83.2,9.5,7.1,0.2
McColl,SC,78.4,16.4,5.2,0.0
McCool,MS,70.9,21.3,7.3,0.5
McEwen,TN,73.1,18.6,7.9,0.4
McLeansboro,IL,78.9,11.6,9.3,0.1
McLouth,KS,71.4,22.3,6.2,0.0
McMechen,WV,80.3,15.5,4.1,0.0
McMinnville,TN,77.9,12.2,9.8,0.2
McNeill,MS,76.1,17.5,6.3,0.1
Mcarthur,CA,56.5,31.3,11.6,0.6
Mcdaniel,MD,75.4,14.6,10.0,0.0
Meadows Of Dan,VA,77.6,15.1,7.2,0.1
Meally,KY,75.1,19.9,5.0,0.0
Means,KY,68.2,25.5,6.4,0.0
Medford,WI,79.1,8.6,11.9,0.4
Mediapolis,IA,81.7,12.2,6.0,0.1
Medical Lake,WA,78.4,15.5,6.0,0.2
Medicine Bow,WY,58.7,34.2,6.9,0.2
Medicine Lodge,KS,70.3,17.3,12.0,0.5
Medora,IL,86.6,7.5,5.8,0.1
Medora,ND,69.5,17.6,12.4,0.5
Meeker,CO,76.9,14.1,8.8,0.1
Meherrin,VA,68.3,25.2,6.4,0.1
Melbourne,AR,72.2,16.6,11.0,0.1
Melbourne,IA,80.5,14.1,5.1,0.3
Melrose,IA,76.5,14.55,8.649999999999999,0.3
Melvin,IL,79.0,10.6,10.2,0.1
Melvin,TX,44.1,36.7,17.8,1.4
Memphis,TN,80.9,13.9,5.1,0.1
Mena,AR,72.3,16.7,10.9,0.1
Menard,TX,52.9,24.6,21.0,1.5
Mendenhall,MS,79.2,14.6,6.1,0.1
Menno,SD,68.9,12.6,18.1,0.4
Menomonie,WI,77.5,15.2,7.1,0.2
Mentone,IN,88.3,6.9,4.7,0.1
Mentor,MN,77.2,13.5,9.0,0.3
Meraux,LA,75.7,14.4,9.9,0.0
Meredosia,IL,76.9,14.7,8.2,0.2
Meriden,KS,67.8,23.9,7.5,0.8
Meridian,CA,74.0,18.6,6.9,0.5
Merrill,WI,82.6,11.1,6.1,0.2
Merrimack,NH,82.8,11.3,5.8,0.1
Merry Point,VA,74.2,15.9,9.7,0.2
Meta,MO,77.9,15.3,6.8,0.0
Metter,GA,73.8,18.2,7.9,0.0
Metz,WV,74.1,21.9,4.0,0.0
Meyers Chuck,AK,54.0,32.5,13.4,0.0
Miami,FL,81.9,10.2,7.7,0.2
Miami,MO,73.3,18.5,8.2,0.1
Miami,NM,68.7,24.2,6.7,0.4
Miami,OK,67.7,21.6,10.2,0.5
Miami,TX,59.1,23.2,17.7,0.0
Michigamme,MI,80.5,14.6,4.7,0.1
Middleton,MI,79.2,13.8,6.9,0.1
Middletown,CT,79.8,13.1,7.0,0.1
Midkiff,TX,71.6,20.7,7.7,0.0
Midland,IN,74.2,19.6,5.7,0.5
Midland,NC,81.5,13.7,4.7,0.1
Midland,TX,81.2,11.4,7.1,0.3
Midlothian,VA,77.25,17.450000000000003,5.15,0.1
Midvale,ID,65.5,23.1,11.4,0.1
Midville,GA,78.6,16.4,4.9,0.1
Midway,TX,65.1,22.4,11.8,0.7
Midway,UT,79.0,15.3,5.4,0.2
Mikado,MI,79.8,10.8,8.8,0.6
Milford,NE,77.3,13.55,8.8,0.35
Milford,UT,76.0,20.1,3.4,0.5
Mill Hall,PA,78.9,15.0,5.7,0.4
Mill Spring,MO,73.2,16.1,10.7,0.0
Millboro,VA,80.0,14.7,5.4,0.0
Miller,SD,71.0,12.3,16.6,0.2
Millersburg,PA,78.9,17.2,3.8,0.1
Milligan,NE,70.1,16.5,13.2,0.2
Mills,NE,48.0,16.6,34.3,1.1
Millstone,NJ,84.4,11.0,4.4,0.2
Millwood,GA,78.1,15.75,6.199999999999999,0.0
Milner,GA,75.0,18.4,6.5,0.0
Milnor,ND,74.9,15.3,9.7,0.1
Milton,FL,75.1,18.1,6.7,0.1
Milton,IA,75.1,12.45,11.55,0.9
Milton,KY,82.6,12.9,4.2,0.2
Milton,PA,84.6,10.1,5.2,0.1
Milton,WV,79.30000000000001,17.25,3.3499999999999996,0.05
Miltonvale,KS,75.5,15.3,9.0,0.3
Milwaukee,WI,84.8,11.7,3.4,0.1
Minden,IA,82.6,12.2,5.0,0.2
Minden,LA,79.4,15.5,5.1,0.0
Minden,NV,71.3,18.8,9.6,0.3
Mineral,VA,75.2,16.4,8.1,0.3
Mineral City,OH,84.5,10.0,5.3,0.2
Mingo Junction,OH,83.7,10.9,5.3,0.1
Minnesota Lake,MN,81.0,13.8,5.1,0.1
Minong,WI,75.3,14.7,9.8,0.2
Minot,ND,76.8,16.7,6.4,0.1
Minter,AL,76.6,16.7,6.2,0.4
Minturn,AR,71.4,19.9,7.8,0.9
Minturn,CO,84.9,8.5,6.6,0.0
Mission,SD,34.4,55.0,9.8,0.8
Mitchell,IN,79.7,14.9,5.4,0.1
Mitchell,NE,79.7,12.9,7.2,0.2
Mitchell,OR,56.1,30.7,12.8,0.4
Moab,UT,68.15,24.200000000000003,7.4,0.15
Moatsville,WV,79.4,16.7,3.9,0.0
Mobile,AL,81.4,13.8,4.6,0.1
Moca,PR,59.1,29.1,11.7,0.0
Modale,IA,79.8,11.2,8.9,0.2
Model,CO,64.8,24.0,11.0,0.2
Mohall,ND,63.9,18.4,17.3,0.5
Molena,GA,75.4,17.7,6.7,0.1
Moline,IL,82.8,12.9,4.1,0.2
Monarch,MT,75.5,16.5,7.7,0.3
Monmouth,OR,69.6,23.3,6.9,0.2
Monongahela,PA,86.2,8.8,4.9,0.1
Monroe,AR,69.6,20.7,9.7,0.0
Monroe,ME,71.9,14.3,13.5,0.3
Monroe,SD,74.9,9.4,15.2,0.5
Monroe Center,IL,79.8,14.5,5.6,0.1
Monterey,IN,83.4,11.2,5.3,0.1
Monterey,TN,70.0,17.2,12.7,0.2
Monterville,WV,61.3,31.9,6.7,0.1
Montezuma,NM,56.9,37.3,5.5,0.4
Montgomery,AL,72.6,22.7,4.6,0.1
Montgomery,LA,72.7,21.7,5.5,0.1
Montgomery,WV,74.8,21.7,3.5,0.1
Monticello,AR,69.9,22.5,7.5,0.1
Monticello,FL,58.6,34.7,6.7,0.0
Monticello,IL,71.2,20.6,8.0,0.1
Monticello,KY,75.4,16.7,7.8,0.0
Monticello,NY,72.2,21.0,6.6,0.2
Monticello,WI,79.0,12.4,8.2,0.4
Montross,VA,66.3,21.5,11.8,0.5
Moore Haven,FL,81.3,14.5,4.0,0.2
Moorefield,KY,77.6,14.0,8.0,0.3
Moran,TX,71.2,17.0,9.4,2.5
Moran,WY,81.3,11.2,7.5,0.0
Morenci,AZ,81.5,14.3,4.2,0.0
Moreno Valley,CA,77.1,14.9,7.8,0.2
Morgan,UT,80.1,14.2,5.7,0.0
Morgantown,KY,73.5,13.3,12.4,0.8
Morovis,PR,75.7,20.3,4.1,0.0
Morris,MN,72.5,20.0,7.3,0.3
Morrison,MO,71.0,21.6,5.8,1.6
Morrison,TN,77.9,14.0,7.8,0.3
Morrisville,NY,76.6,16.2,7.1,0.1
Morrow,LA,75.2,19.6,5.0,0.2
Mosby,MT,40.2,20.9,36.6,2.3
Moscow,KS,68.5,18.7,12.1,0.7
Moscow,PA,82.5,12.8,4.4,0.2
Mosheim,TN,76.4,15.9,7.5,0.2
Moss,TN,65.3,23.1,11.6,0.0
Moss Point,MS,78.0,16.7,5.2,0.1
Mossyrock,WA,73.5,19.1,7.1,0.2
Moulton,AL,80.3,13.3,5.9,0.4
Moultrie,GA,78.5,16.5,5.0,0.1
Mound City,SD,59.9,15.8,24.4,0.0
Mound Valley,KS,73.9,19.0,6.9,0.2
Mounds,OK,73.7,19.8,6.0,0.4
Mount Airy,NC,79.7,13.8,6.2,0.3
Mount Ayr,IA,66.4,16.5,16.6,0.4
Mount Berry,GA,81.7,14.3,3.8,0.2
Mount Blanchard,OH,83.6,12.0,4.4,0.0
Mount Carmel,IL,81.0,12.9,6.1,0.0
Mount Eden,KY,85.1,10.1,4.8,0.0
Mount Hermon,LA,72.7,20.1,6.9,0.3
Mount Perry,OH,83.6,11.4,4.9,0.1
Mount Pleasant,IA,75.2,18.1,6.3,0.4
Mount Pleasant,MI,76.9,18.5,4.3,0.3
Mount Pleasant,PA,85.4,9.3,5.2,0.1
Mount Pleasant,UT,74.8,18.7,6.5,0.1
Mount Prospect,IL,83.9,11.5,4.5,0.1
Mount Sterling,KY,68.8,21.1,9.9,0.2
Mount Sterling,MO,78.7,10.8,10.2,0.4
Mount Vernon,KY,78.9,16.4,4.65,0.05
Mount Vernon,SD,79.9,12.7,7.2,0.3
Mountain Home A F B,ID,60.0,32.5,7.3,0.3
Mountain View,CA,84.3,9.3,6.4,0.1
Mountain View,OK,67.8,19.9,11.7,0.5
Mountville,SC,81.0,14.2,4.7,0.1
Moweaqua,IL,82.4,10.2,7.5,0.0
Mt Zion,IL,82.4,12.5,4.9,0.2
Muenster,TX,76.9,14.8,8.1,0.2
Mullen,NE,51.4,23.6,25.1,0.0
Mullica Hill,NJ,79.9,16.2,3.7,0.1
Muncie,IN,79.2,16.1,4.6,0.1
Muncy Valley,PA,71.3,16.3,11.8,0.6
Mundelein,IL,84.7,10.5,4.6,0.2
Munford,AL,77.7,16.6,5.5,0.2
Murchison,TX,71.6,16.8,11.1,0.4
Murdo,SD,62.9,14.7,20.3,2.1
Murphysboro,IL,62.0,31.8,6.0,0.2
Murrayville,GA,77.4,15.8,6.5,0.3
Murrayville,IL,76.0,16.8,7.0,0.2
Muscoda,WI,78.4,12.3,9.1,0.2
Nahunta,GA,70.8,21.1,7.4,0.7
Nancy,KY,75.6,18.3,5.9,0.1
Nantucket,MA,70.0,12.8,17.2,0.1
Naranjito,PR,70.5,22.9,6.5,0.0
Nardin,OK,78.1,15.8,5.9,0.2
Narrows,VA,80.7,15.0,4.3,0.0
Nashville,TN,82.1,11.1,6.8,0.1
Natchez,MS,76.5,16.8,6.4,0.2
Natchitoches,LA,70.6,23.7,5.7,0.0
Naylor,MO,72.9,18.0,9.1,0.0
Nekoma,KS,59.0,23.0,17.5,0.4
Nelson,WI,77.9,11.0,10.7,0.5
Neopit,WI,36.8,59.1,3.7,0.4
Neosho,MO,83.0,10.2,6.6,0.2
Neshkoro,WI,76.9,14.5,8.2,0.4
Nevada,MO,77.0,13.8,8.4,0.7
Nevis,MN,72.9,17.3,9.6,0.2
New Athens,IL,83.3,12.0,4.6,0.1
New Bern,NC,71.0,19.7,8.5,0.8
New Bloomington,OH,82.3,13.1,4.5,0.1
New Boston,IL,79.7,11.9,8.3,0.1
New Boston,TX,75.5,19.4,5.1,0.1
New Brighton,PA,85.6,9.8,4.5,0.0
New Columbia,PA,79.0,11.5,9.2,0.4
New Cumberland,WV,83.7,13.2,3.0,0.0
New Ellenton,SC,76.9,17.6,5.2,0.3
New Germany,MN,84.7,9.6,5.5,0.2
New Harmony,UT,74.6,20.9,4.5,0.0
New Holland,PA,84.7,8.2,6.8,0.3
New Iberia,LA,81.7,11.8,6.5,0.1
New Leipzig,ND,65.4,14.5,19.8,0.4
New London,CT,78.4,16.2,5.2,0.1
New London,MO,79.4,13.4,6.9,0.2
New Market,IA,71.0,16.2,12.4,0.3
New Market,TN,77.9,14.9,7.1,0.1
New Orleans,LA,80.8,12.95,6.1,0.1
New Richland,MN,81.75,11.100000000000001,7.050000000000001,0.15000000000000002
New Rockford,ND,60.8,21.4,17.5,0.2
New Salisbury,IN,83.7,12.2,4.0,0.1
New Vienna,OH,78.1,12.8,8.8,0.3
New York,NY,83.6,8.5,7.8,0.1
Newark,DE,84.5,12.3,3.1,0.1
Newark,MO,69.6,11.9,17.7,0.8
Newark,NJ,79.9,15.1,4.9,0.1
Newark,NY,78.7,16.2,4.9,0.2
Newaygo,MI,81.7,11.3,6.6,0.3
Newberg,OR,80.2,12.0,7.7,0.2
Newberry,MI,71.6,23.8,4.3,0.3
Newburgh,IN,86.0,9.2,4.7,0.1
Newbury,VT,71.7,15.8,12.3,0.2
Newcastle,TX,67.5,16.2,16.3,0.0
Newell,IA,81.6,10.0,8.3,0.1
Newport,MI,85.8,9.4,4.7,0.1
Newport,RI,77.4,15.0,7.5,0.1
Newport,VA,74.4,19.6,6.0,0.1
Newport News,VA,74.8,21.6,3.5,0.0
Newton,WI,86.0,9.0,4.9,0.1
Newtown,PA,85.4,9.1,5.3,0.2
Nezperce,ID,62.4,25.5,11.6,0.5
Niagara,ND,63.4,18.0,18.5,0.1
Niagara,WI,82.5,10.1,6.9,0.5
Niagara University,NY,81.9,13.9,4.0,0.1
Nicholasville,KY,80.4,13.1,6.1,0.4
Nicollet,MN,78.3,15.5,6.0,0.2
Nineveh,IN,81.9,10.9,6.9,0.3
Niota,IL,75.8,13.8,10.2,0.2
Noatak,AK,54.0,43.7,2.1,0.2
Noblesville,IN,84.30000000000001,10.85,4.6,0.15000000000000002
Nodaway,IA,77.1,11.8,10.2,1.0
Nolensville,TN,80.3,10.5,9.0,0.2
Noma,FL,71.5,22.3,6.1,0.1
Norcatur,KS,66.1,21.8,12.0,0.1
Nordland,WA,66.9,18.2,14.8,0.1
Norfolk,VA,73.3,22.8,3.9,0.1
Normal,IL,81.9,13.9,4.0,0.2
Norman,OK,72.4,20.799999999999997,6.65,0.15000000000000002
Normandy,TN,75.9,13.4,10.4,0.3
Norphlet,AR,81.5,13.6,4.9,0.0
Norris,SD,37.3,39.9,22.4,0.4
North Augusta,SC,75.0,17.5,7.4,0.1
North Beach,MD,68.4,27.5,4.0,0.1
North Carrollton,MS,71.4,20.1,7.7,0.8
North East,PA,85.0,10.2,4.8,0.1
North Fairfield,OH,84.5,10.2,5.1,0.2
North Hero,VT,78.2,11.7,9.8,0.3
North Java,NY,73.5,20.1,6.2,0.2
North Little Rock,AR,74.6,20.6,4.7,0.2
North Platte,NE,69.4,5.9,23.9,0.9
North Sioux City,SD,79.0,13.3,7.0,0.8
North Washington,IA,76.5,12.5,10.1,0.8
Northway,AK,64.0,27.8,7.8,0.4
Northwood,ND,72.8,8.5,18.1,0.7
Norton,VA,81.2,16.4,2.4,0.0
Norwalk,IA,80.7,13.3,5.8,0.1
Norway,SC,75.9,18.8,5.1,0.2
Nottawa,MI,85.3,9.1,5.4,0.2
Nowata,OK,80.5,14.2,5.2,0.2
Oak,NE,65.3,17.5,16.2,1.0
Oak Grove,KY,72.7,20.9,6.2,0.2
Oak Grove,LA,74.9,19.5,5.2,0.4
Oak Vale,MS,79.9,14.3,5.4,0.4
Oakhurst,CA,76.5,16.0,7.4,0.1
Oakland,MS,74.8,21.4,3.8,0.0
Oakley,ID,79.8,12.4,7.7,0.1
Oakman,GA,82.9,11.4,5.2,0.5
Oaktown,IN,82.8,13.2,3.9,0.1
Oakwood,OK,65.9,17.6,15.0,1.5
Oberlin,OH,83.3,12.5,4.1,0.1
Ochlocknee,GA,73.9,15.7,9.4,1.0
Odem,TX,77.6,17.9,4.4,0.1
Odessa,TX,82.0,11.2,6.7,0.1
Odonnell,TX,45.7,36.2,17.0,1.1
Ogallala,NE,74.2,14.5,10.8,0.4
Ogden,UT,76.4,19.5,3.9,0.1
Ogdensburg,WI,82.3,11.8,5.6,0.3
Okeechobee,FL,81.0,13.2,5.7,0.1
Oktaha,OK,72.4,21.5,6.0,0.1
Old Glory,TX,55.3,29.3,13.6,1.8
Oldenburg,IN,82.2,10.2,7.2,0.4
Oldham,SD,68.7,11.9,19.3,0.1
Olla,LA,70.5,24.6,4.6,0.3
Olpe,KS,75.0,19.8,5.2,0.1
Omaha,GA,66.1,29.8,4.0,0.0
Omaha,NE,84.8,10.8,4.2,0.1
Omaha,TX,82.5,10.0,7.4,0.1
Onawa,IA,73.3,14.4,11.9,0.3
Oneida,KY,76.2,20.0,3.7,0.1
Oneida,TN,70.9,18.7,9.9,0.4
Opelika,AL,75.5,20.3,4.2,0.1
Oquawka,IL,75.8,15.5,7.7,1.0
Orange,TX,80.8,13.7,5.4,0.1
Orange Grove,TX,80.3,12.6,7.1,0.0
Orangeville,OH,82.9,11.6,5.4,0.2
Ordway,CO,54.7,27.6,16.4,1.3
Ore City,TX,78.5,13.0,8.3,0.2
Orient,SD,58.1,18.4,23.2,0.3
Orleans,IN,84.7,8.9,6.3,0.1
Orleans,NE,69.3,15.6,14.5,0.7
Orleans,VT,70.4,17.0,12.0,0.6
Orma,WV,77.6,17.6,3.3,1.5
Orocovis,PR,63.6,26.4,9.5,0.44999999999999996
Oronoco,MN,86.2,9.1,4.6,0.1
Ortley,SD,68.4,14.4,16.5,0.7
Osceola,MO,74.0,14.9,10.6,0.4
Oshkosh,WI,84.9,11.4,3.6,0.1
Osnabrock,ND,64.6,16.0,19.0,0.5
Osseo,WI,81.6,13.1,5.2,0.1
Ossipee,NH,71.9,14.0,14.1,0.1
Otley,IA,80.2,13.0,6.7,0.2
Oto,IA,84.9,10.4,4.6,0.1
Otsego,MI,85.2,8.2,6.4,0.2
Otter Rock,OR,72.3,16.2,11.3,0.2
Otterbein,IN,76.4,15.100000000000001,8.1,0.35
Otterville,MO,76.6,15.7,7.6,0.0
Otwell,IN,87.1,9.4,3.2,0.3
Ouzinkie,AK,65.0,25.3,9.4,0.3
Overbrook,OK,78.6,13.2,8.0,0.2
Ovett,MS,73.2,20.6,5.8,0.3
Owasso,OK,84.5,9.7,5.6,0.2
Owenton,KY,69.1,22.0,8.4,0.4
Owyhee,NV,83.6,13.0,3.2,0.2
Oxford,GA,79.2,15.7,4.9,0.3
Oxford,NC,75.7,20.5,3.4,0.3
Ozona,TX,77.4,16.3,6.2,0.2
Pachuta,MS,80.1,17.4,2.5,0.0
Paducah,KY,79.3,13.5,7.0,0.2
Paducah,TX,64.65,25.0,10.0,0.35
Pageland,SC,78.5,15.3,6.1,0.1
Pagosa Springs,CO,60.1,25.9,14.0,0.0
Paicines,CA,76.4,16.3,7.1,0.3
Paige,TX,71.3,20.1,8.3,0.3
Painesville,OH,86.6,9.6,3.7,0.1
Palco,KS,62.2,22.4,14.9,0.5
Palestine,TX,69.8,23.6,6.4,0.1
Palisade,MN,75.4,15.2,9.2,0.2
Palmer,NE,71.9,15.5,12.6,0.1
Palmer,PR,69.8,23.4,6.4,0.4
Palmersville,TN,71.5,19.9,8.1,0.4
Palmyra,TN,70.1,23.7,6.1,0.2
Palo Alto,CA,79.8,11.7,8.3,0.2
Pampa,TX,79.6,13.3,7.0,0.0
Panna Maria,TX,69.6,22.0,7.8,0.5
Pantego,NC,76.7,16.0,7.2,0.1
Panther Burn,MS,71.7,23.5,4.7,0.1
Paradise Valley,NV,79.1,14.1,6.7,0.1
Paragon,IN,83.5,10.6,5.8,0.1
Paragould,AR,78.3,14.7,6.9,0.1
Paris,AR,72.7,19.0,8.0,0.3
Paris,MI,79.6,13.8,6.3,0.4
Paris,VA,71.9,19.5,8.5,0.0
Parish,NY,76.5,17.8,5.6,0.2
Parker,SD,70.4,11.9,17.4,0.3
Parkersburg,WV,81.8,14.3,3.8,0.1
Parkesburg,PA,85.9,8.5,5.5,0.1
Parkman,WY,70.7,21.0,7.7,0.5
Parksville,KY,75.8,16.3,7.8,0.2
Parma,MI,83.5,11.0,5.4,0.1
Parma,MO,79.3,14.2,6.5,0.0
Pateros,WA,65.1,25.1,9.5,0.3
Patillas,PR,55.1,39.3,4.2,1.4
Patoka,IN,88.0,7.7,4.2,0.2
Patterson,GA,80.1,13.6,6.0,0.3
Pattison,MS,65.9,28.9,5.2,0.0
Paul,ID,82.6,10.0,6.9,0.5
Paulding,OH,81.0,12.9,6.1,0.0
Pawhuska,OK,77.0,17.1,5.9,0.0
Pawling,NY,77.2,16.8,5.7,0.2
Pawnee Rock,KS,68.25,21.8,9.55,0.35
Paxico,KS,73.3,20.0,6.5,0.2
Payette,ID,75.2,16.2,8.4,0.2
Pearcy,AR,77.6,14.3,8.0,0.1
Pearson,GA,72.9,22.7,4.3,0.0
Pease,MN,78.2,15.1,6.6,0.1
Pecan Gap,TX,72.8,16.2,11.0,0.0
Peck,MI,79.8,10.3,9.2,0.8
Pecos,TX,67.8,28.3,3.9,0.0
Peebles,OH,73.8,19.2,6.6,0.4
Pelham,AL,82.6,12.5,4.8,0.1
Pellston,MI,80.9,9.9,9.0,0.3
Pemberville,OH,85.4,9.9,4.6,0.1
Pendleton,KY,82.8,11.9,5.2,0.2
Penfield,PA,80.4,13.2,6.3,0.2
Penns Grove,NJ,79.7,15.6,4.6,0.1
Penrose,NC,72.1,16.7,11.1,0.1
Pensacola,FL,78.2,15.6,6.0,0.1
Penuelas,PR,61.9,30.5,7.6,0.0
Peoa,UT,80.6,12.7,6.6,0.1
Pequot Lakes,MN,81.1,11.3,7.4,0.2
Peralta,NM,70.6,22.8,6.3,0.4
Perkinston,MS,81.8,12.7,5.3,0.2
Perry,AR,72.3,18.5,8.7,0.4
Perry,FL,70.2,23.5,6.3,0.1
Peru,KS,69.9,18.6,11.1,0.3
Peterman,AL,77.8,13.0,8.3,0.8
Petersburg,AK,54.8,33.2,11.5,0.5
Petersburg,IL,71.0,23.2,5.6,0.1
Petersburg,VA,75.6,21.8,2.6,0.0
Petrolia,PA,84.9,9.8,5.2,0.1
Pfafftown,NC,83.5,11.4,5.1,0.1
Philadelphia,MS,71.6,22.9,5.0,0.5
Philadelphia,PA,82.9,13.0,4.0,0.1
Phillips,WI,77.2,13.4,9.1,0.4
Phillipsburg,KS,68.8,19.6,11.6,0.0
Phoenix,AZ,82.5,11.7,5.7,0.2
Pickens,MS,74.8,19.1,6.0,0.1
Piedmont,MO,73.4,20.0,6.6,0.0
Pierre Part,LA,83.3,12.6,3.6,0.6
Pine,AZ,72.2,23.1,4.6,0.2
Pine Brook,NJ,82.8,11.8,5.3,0.1
Pine Grove,CA,64.5,23.4,11.8,0.3
Pine Island,MN,83.8,10.1,6.0,0.1
Pine Mountain,GA,81.8,13.5,4.5,0.2
Pinetop,AZ,61.1,31.3,7.4,0.3
Pineville,KY,77.5,16.6,5.7,0.1
Pineville,WV,77.9,20.6,1.5,0.0
Pippa Passes,KY,69.8,23.5,6.5,0.3
Piqua,KS,63.7,22.5,13.4,0.4
Pisek,ND,73.5,15.0,11.1,0.4
Pismo Beach,CA,68.3,19.9,11.4,0.4
Pitkin,LA,68.4,26.549999999999997,4.800000000000001,0.30000000000000004
Pitts,GA,64.6,23.8,11.5,0.1
Pittsburg,KS,73.5,17.9,8.6,0.1
Placerville,CA,71.8,16.8,11.1,0.2
Plain City,OH,77.7,14.2,7.6,0.4
Plainview,MN,79.5,9.4,10.9,0.2
Plainville,KS,66.6,20.9,12.1,0.3
Plano,IL,82.9,13.8,3.1,0.2
Plattsburg,MO,79.2,15.3,4.9,0.6
Plattsburgh,NY,70.6,23.9,5.4,0.1
Pleasanton,TX,71.8,20.6,7.6,0.1
Pleasantville,OH,79.0,16.0,4.8,0.2
Pleasureville,KY,75.9,13.6,10.4,0.2
Plum Branch,SC,61.5,31.6,6.9,0.0
Plum City,WI,78.2,15.0,6.4,0.4
Pocatello,ID,74.05,19.9,5.85,0.2
Point Baker,AK,50.4,37.7,11.8,0.1
Point Comfort,TX,80.5,12.8,6.7,0.1
Polk,OH,84.2,10.9,4.4,0.5
Polkton,NC,75.7,19.7,4.3,0.4
Pollock,ID,64.7,21.7,13.2,0.4
Polo,MO,70.8,19.0,9.7,0.5
Pomeroy,WA,48.5,32.4,19.1,0.0
Pomona Park,FL,83.0,12.1,4.8,0.2
Ponce,PR,69.8,20.4,9.5,0.3
Pond Creek,OK,64.7,17.5,17.7,0.1
Poplar Bluff,MO,77.0,15.7,7.2,0.1
Poplar Grove,AR,69.4,23.6,7.0,0.0
Poplarville,MS,76.7,14.1,8.8,0.4
Poquoson,VA,73.6,20.4,5.5,0.5
Port Charlotte,FL,79.2,12.5,7.7,0.5
Port Huron,MI,83.5,11.2,5.1,0.1
Port Murray,NJ,79.5,14.4,6.0,0.1
Port Saint Joe,FL,76.4,17.0,6.4,0.3
Portales,NM,67.3,26.4,6.0,0.4
Porter,MN,76.44999999999999,11.75,11.649999999999999,0.2
Portis,KS,63.4,20.1,14.6,1.9
Portland,IN,80.9,10.5,8.1,0.5
Portland,OR,80.1,12.0,7.8,0.1
Portola,CA,60.1,23.9,15.8,0.2
Portsmouth,VA,69.2,26.0,4.8,0.1
Post,TX,70.5,17.5,12.0,0.0
Postville,IA,75.3,11.1,13.2,0.4
Poteau,OK,74.3,18.6,6.8,0.2
Poulan,GA,75.8,18.5,5.7,0.0
Powder River,WY,79.0,15.1,5.8,0.1
Powder Springs,GA,78.9,15.6,5.5,0.0
Powderly,TX,79.2,13.9,6.7,0.2
Powellsville,NC,77.0,17.9,4.8,0.3
Powers Lake,ND,70.8,14.5,14.0,0.6
Powhattan,KS,71.3,16.7,11.9,0.2
Prairie,MS,78.4,14.7,6.8,0.0
Prairie Du Sac,WI,80.44999999999999,13.35,5.8,0.35
Prescott,WA,58.0,28.8,12.7,0.4
Presidio,TX,54.9,33.2,11.3,0.6
Preston,GA,71.2,25.8,3.0,0.0
Preston,MS,73.95,19.5,6.35,0.2
Primghar,IA,77.7,12.0,10.2,0.0
Prince George,VA,67.9,26.6,5.2,0.3
Princeton,IL,80.2,11.5,8.0,0.3
Princeton,MO,66.6,18.3,14.5,0.5
Prosser,WA,79.5,14.8,5.6,0.1
Providence,KY,79.8,12.3,7.5,0.4
Prudenville,MI,79.5,13.9,6.0,0.6
Prudhoe Bay,AK,73.8,25.2,0.9,0.0
Puerto Real,PR,70.6,19.9,9.1,0.3
Pukwana,SD,48.4,49.5,1.8,0.3
Pulaski,TN,75.8,15.5,8.8,0.0
Punta Santiago,PR,61.5,25.9,12.4,0.2
Puryear,TN,72.2,16.8,10.3,0.6
Pyote,TX,79.3,15.0,5.3,0.4
Quakertown,PA,87.0,8.5,4.4,0.1
Quebradillas,PR,66.7,24.1,9.3,0.0
Quenemo,KS,76.4,17.5,6.0,0.2
Quincy,FL,62.2,34.2,3.5,0.1
Quincy,KY,72.9,14.5,12.6,0.0
Quitman,AR,75.4,15.3,8.9,0.4
Racine,WI,84.8,10.8,4.3,0.1
Radford,VA,76.4,19.0,4.2,0.3
Rainbow,TX,79.8,14.5,5.5,0.3
Raleigh,IL,76.8,15.9,7.0,0.3
Ralls,TX,72.7,17.3,9.4,0.6
Ralston,IA,81.5,8.4,10.0,0.2
Ralston,WY,75.7,16.9,7.3,0.1
Ranburne,AL,76.3,15.3,8.4,0.0
Randolph,NE,71.65,14.100000000000001,13.75,0.5
Randolph,UT,74.4,18.6,7.0,0.0
Rapid City,SD,76.55000000000001,16.25,7.1499999999999995,0.05
Raquette Lake,NY,63.2,30.6,6.0,0.2
Ratliff City,OK,82.0,12.2,5.6,0.2
Ravenden,AR,79.2,13.6,6.7,0.5
Ravenna,KY,77.1,16.4,6.5,0.0
Ray City,GA,74.0,21.5,4.3,0.2
Rayville,LA,78.7,16.0,5.2,0.1
Raywick,KY,76.4,15.1,8.1,0.4
Red Boiling Springs,TN,77.1,13.4,9.4,0.1
Red Bud,IL,79.0,15.3,5.4,0.2
Red Cloud,NE,66.5,16.9,15.7,0.8
Red Springs,NC,73.4,20.9,5.5,0.15
Red Valley,AZ,50.2,45.0,4.7,0.1
Redmond,OR,77.2,11.7,10.9,0.2
Redvale,CO,75.5,12.0,12.0,0.5
Redwood Falls,MN,77.1,10.2,12.3,0.3
Reed Point,MT,67.6,16.7,13.6,2.0
Reedy,WV,76.3,16.2,7.4,0.2
Reelsville,IN,78.4,15.4,6.1,0.1
Refugio,TX,75.2,13.9,9.8,1.2
Regent,ND,61.8,16.1,20.9,1.2
Register,GA,69.5,22.6,7.6,0.3
Reinbeck,IA,76.8,13.3,10.0,0.0
Reliance,TN,81.6,12.7,5.7,0.0
Rembert,SC,74.0,20.1,5.8,0.1
Remsen,IA,77.4,12.5,9.7,0.4
Renick,MO,79.5,14.1,6.3,0.1
Reno,NV,79.3,14.8,5.8,0.1
Rensselaer,IN,84.5,10.0,5.5,0.1
Resaca,GA,83.7,10.9,4.5,0.9
Reserve,MT,62.4,17.4,19.0,1.2
Rice,TX,74.8,17.3,7.8,0.2
Riceboro,GA,73.2,20.9,6.0,0.0
Richards,TX,79.2,15.0,5.7,0.1
Richburg,SC,80.0,15.6,4.3,0.1
Richey,MT,73.8,15.2,10.5,0.5
Richfield,KS,72.5,13.2,13.3,1.0
Richfield Springs,NY,72.2,17.6,9.5,0.6
Richmond,VA,79.9,16.0,3.95,0.1
Richton,MS,75.9,18.6,5.4,0.1
Richview,IL,79.7,12.6,7.0,0.6
Ridgeville,SC,70.6,20.4,8.8,0.2
Ridgeway,NC,68.0,22.1,9.3,0.7
Ridgway,CO,66.3,21.7,11.5,0.5
Ridgway,PA,87.1,7.7,4.9,0.2
Rifle,CO,74.5,19.3,6.0,0.2
Rincon,GA,79.8,15.8,4.4,0.0
Rincon,PR,70.65,20.05,9.25,0.0
Ringgold,LA,75.3,20.5,4.2,0.0
Ringling,MT,63.9,16.5,18.0,1.7
Ripon,CA,78.8,14.6,6.4,0.2
Rising City,NE,75.6,13.3,11.0,0.1
Rising Sun,MD,77.5,17.9,4.6,0.0
Riverside,RI,79.1,13.6,7.0,0.4
Rivervale,AR,78.8,13.7,7.5,0.0
Riviera,TX,69.5,25.9,4.4,0.2
Roanoke,IN,85.6,9.6,4.8,0.0
Roanoke,VA,80.56666666666666,15.566666666666668,3.7999999999999994,0.03333333333333333
Roaring Spring,PA,82.7,12.8,4.3,0.2
Roaring Springs,TX,65.6,21.6,12.9,0.0
Robersonville,NC,78.4,15.8,5.7,0.2
Roberts,MT,73.6,12.7,12.9,0.8
Roberts,WI,81.8,12.4,5.7,0.1
Robins,IA,85.5,9.9,4.5,0.1
Robinson,IL,80.6,13.5,5.7,0.2
Robstown,TX,76.6,16.3,6.9,0.2
Rochelle,GA,57.1,32.1,10.7,0.2
Rocheport,MO,70.2,20.2,9.4,0.2
Rochester,NH,79.0,15.6,5.3,0.0
Rochester,WA,62.7,31.0,6.1,0.2
Rock Island,TN,62.9,27.5,9.6,0.0
Rockford,IA,80.3,10.9,8.1,0.7
Rockford,IL,84.2,9.7,6.2,0.0
Rockford,MN,83.8,10.2,5.9,0.1
Rockville,MD,71.8,21.7,6.4,0.1
Rockwood,TN,74.5,18.9,6.4,0.1
Rogers,AR,78.2,11.8,9.850000000000001,0.1
Rogerson,ID,75.4,11.8,9.3,3.6
Rolla,KS,66.3,21.7,12.0,0.0
Rolling Fork,MS,77.7,15.4,6.9,0.0
Roma,TX,68.2,22.5,8.6,0.6
Rome City,IN,86.0,9.0,4.8,0.3
Romney,IN,79.4,16.8,3.7,0.1
Roopville,GA,79.0,14.1,6.7,0.2
Roper,NC,76.5,17.3,6.0,0.2
Roscommon,MI,73.2,19.2,7.1,0.5
Roseau,MN,82.9,10.5,6.5,0.2
Roseboro,NC,72.0,23.4,4.6,0.0
Roseglen,ND,65.8,17.9,15.4,0.9
Roseville,OH,73.5,16.9,9.2,0.5
Rossburg,OH,82.6,9.6,7.4,0.5
Rosston,AR,68.6,22.6,8.8,0.0
Rossville,IN,78.6,12.8,8.5,0.1
Rotan,TX,72.0,18.1,9.4,0.5
Rowlett,TX,76.9,16.2,6.7,0.2
Roxie,MS,70.5,22.2,7.2,0.0
Rufus,OR,71.7,17.4,10.2,0.7
Rugby,ND,69.6,11.25,18.9,0.25
Rumely,MI,73.9,20.3,5.7,0.1
Runnemede,NJ,82.0,13.8,4.0,0.1
Rupert,GA,67.0,25.3,7.7,0.0
Russell,IA,74.2,14.7,11.1,0.0
Russell,KS,75.2,14.7,8.4,1.7
Russell Springs,KY,75.1,16.3,8.2,0.5
Russellville,AR,79.5,14.3,6.1,0.1
Russellville,IN,83.0,11.3,5.7,0.0
Russellville,KY,80.4,12.8,6.5,0.2
Russellville,OH,78.2,13.3,8.2,0.3
Russellville,TN,81.7,11.3,6.8,0.1
Ruston,LA,72.6,22.4,4.85,0.2
Ruth,MS,79.6,14.5,5.6,0.2
Rutherfordton,NC,76.8,12.6,10.5,0.1
Ruthville,VA,77.2,18.7,3.9,0.1
Rutledge,MO,69.7,13.1,16.5,0.7
Rutledge,TN,76.5,13.0,10.2,0.3
Sabana Grande,PR,67.2,29.8,3.0,0.0
Sacramento,KY,73.8,16.4,9.6,0.1
Sacred Heart,MN,77.8,12.0,10.1,0.1
Sadieville,KY,80.05,14.55,5.3,0.05
Safford,AL,76.3,19.0,4.7,0.0
Safford,AZ,71.1,25.0,3.8,0.1
Saginaw,MI,84.3,11.1,4.4,0.2
Saint Ansgar,IA,75.0,12.5,11.7,0.8
Saint Bonifacius,MN,84.9,10.1,4.8,0.1
Saint Clair,MO,84.7,9.0,6.1,0.2
Saint Clair Shores,MI,86.5,9.6,3.8,0.1
Saint Hilaire,MN,82.9,9.3,7.6,0.2
Saint John,ND,44.3,46.6,8.7,0.3
Saint Louis,MO,84.85,10.65,4.3,0.15000000000000002
Saint Marks,FL,60.9,34.8,4.0,0.2
Saint Mary,MO,83.9,9.3,6.7,0.1
Saint Marys,GA,67.1,28.4,4.3,0.2
Saint Marys,KS,69.0,22.8,7.8,0.4
Saint Onge,SD,76.0,17.3,6.7,0.0
Saint Paris,OH,81.0,13.1,5.9,0.0
Saint Paul,MN,81.8,13.7,4.4,0.1
Saint Petersburg,FL,83.7,10.9,5.2,0.2
Saint Simons Island,GA,76.9,17.1,5.7,0.3
Saint Vincent,MN,69.2,19.0,11.6,0.2
Salem,MO,71.75,16.85,11.0,0.4
Salem,OR,75.4,18.7,5.8,0.1
Salem,VA,79.1,16.2,4.6,0.1
Salemburg,NC,78.8,13.9,7.0,0.3
Salina,OK,72.6,18.4,8.6,0.3
Salinas,CA,76.6,15.1,8.2,0.2
Salinas,PR,68.7,25.3,6.0,0.0
Salisbury,NC,80.7,13.4,5.8,0.2
Salt Lake City,UT,82.1,13.3,4.5,0.1
Saltillo,TN,72.9,15.5,11.6,0.0
Saluda,VA,75.4,18.2,6.1,0.3
Salvisa,KY,66.7,26.5,6.8,0.1
Salyersville,KY,74.0,22.7,2.9,0.4
San Acacia,NM,59.7,32.9,7.4,0.0
San Angelo,TX,57.9,21.1,18.5,2.5
San Augustine,TX,82.0,9.7,8.3,0.0
San Bernardino,CA,76.4,16.7,6.7,0.2
San Francisco,CA,79.9,11.3,8.7,0.1
San German,PR,66.5,24.0,9.15,0.30000000000000004
San Juan,PR,66.6,20.85,12.5,0.1
San Juan,TX,70.7,17.2,11.9,0.2
San Lorenzo,PR,71.5,22.2,6.2,0.1
San Rafael,CA,73.8,10.8,15.4,0.1
San Sebastian,PR,64.6,23.7,10.9,0.9
San Ygnacio,TX,73.3,18.1,8.7,0.0
Sand Lake,MI,82.5,11.6,5.6,0.3
Sanders,MT,71.2,12.4,11.9,4.5
Sanderson,FL,73.2,22.3,4.4,0.1
Sandy Hook,MS,74.6,18.05,6.449999999999999,0.95
Sandy Ridge,NC,78.5,14.3,7.2,0.0
Sanford,NC,76.6,18.3,4.9,0.25
Santa Barbara,CA,75.5,16.2,8.0,0.3
Santa Fe,NM,66.6,20.7,12.4,0.2
Santa Rosa,CA,75.6,12.7,11.6,0.2
Santa Teresa,NM,67.9,24.8,7.1,0.1
Sarahsville,OH,78.7,15.2,6.1,0.0
Sarasota,FL,81.6,9.7,8.5,0.2
Sardis,OH,78.3,14.3,7.3,0.1
Satanta,KS,71.6,17.5,10.0,0.9
Saucier,MS,72.5,21.3,6.2,0.0
Sauk Rapids,MN,82.9,11.2,5.7,0.2
Saulsbury,TN,70.7,22.0,7.2,0.0
Savage,MT,80.7,10.1,8.9,0.3
Savannah,GA,78.7,15.8,5.3,0.2
Savonburg,KS,72.8,17.8,9.1,0.2
Sawyer,OK,71.6,20.4,7.8,0.1
Saxe,VA,72.2,22.8,5.0,0.0
Scandia,KS,69.5,16.0,14.1,0.4
Schellsburg,PA,81.0,10.8,7.9,0.4
Schlater,MS,72.0,21.9,6.0,0.1
Scobey,MT,57.0,20.7,22.3,0.0
Scottown,OH,81.3,13.1,5.5,0.2
Scotts Hill,TN,76.9,13.8,9.3,0.0
Scottsville,KY,76.2,13.0,10.4,0.4
Scottsville,NY,82.6,12.4,4.9,0.1
Scottsville,VA,71.5,19.4,8.9,0.2
Seal Beach,CA,81.8,10.2,7.8,0.2
Seattle,WA,81.7,12.4,5.7,0.2
Sebasco Estates,ME,76.5,14.4,9.1,0.0
Secor,IL,83.3,10.6,6.0,0.1
Sedalia,KY,77.0,14.3,8.6,0.0
Sedalia,MO,82.2,10.7,6.9,0.2
Sedgwick,CO,66.2,21.2,12.0,0.6
Selby,SD,75.3,15.8,8.6,0.3
Selfridge,ND,32.9,56.8,10.2,0.1
Selinsgrove,PA,81.0,10.9,7.7,0.3
Selmer,TN,72.7,17.3,10.0,0.1
Seminary,MS,78.4,15.6,5.9,0.1
Seneca,SC,76.6,16.7,6.4,0.2
Seney,MI,76.7,18.1,5.1,0.1
Senoia,GA,80.8,14.2,4.8,0.2
Sentinel,OK,71.6,17.3,10.7,0.4
Sextons Creek,KY,69.0,24.8,5.7,0.5
Seymour,TX,62.0,16.6,21.5,0.0
Shady Dale,GA,77.4,14.4,8.1,0.1
Shalimar,FL,73.7,20.1,6.1,0.1
Shallowater,TX,77.1,15.6,7.1,0.3
Shambaugh,IA,75.9,15.4,8.4,0.3
Sharon,OK,78.9,14.3,6.6,0.2
Sharon Grove,KY,73.7,15.4,10.3,0.6
Shattuck,OK,66.5,20.8,11.5,1.2
Shawnee,OK,67.9,25.6,6.3,0.2
Shawsville,VA,72.6,17.0,10.4,0.0
Sheboygan,WI,86.8,8.7,4.4,0.1
Shellsburg,IA,79.5,13.0,7.4,0.1
Shelton,CT,81.6,9.8,8.4,0.1
Sheridan Lake,CO,50.9,35.3,13.8,0.0
Shermans Dale,PA,76.6,16.6,6.4,0.4
Sherwood,MI,81.1,12.1,6.5,0.3
Shields,ND,75.5,15.7,8.6,0.2
Shippenville,PA,78.8,14.2,6.7,0.4
Shipshewana,IN,84.1,6.6,8.7,0.6
Shirley,AR,62.9,19.2,17.7,0.2
Shoshone,ID,71.4,17.5,10.5,0.6
Shuqualak,MS,72.8,16.1,10.0,1.0
Sibley,IA,76.8,11.2,11.7,0.2
Sidney,AR,74.6,14.1,11.2,0.0
Sidney,KY,76.3,19.3,4.4,0.1
Sikeston,MO,81.1,12.0,6.7,0.2
Silver City,IA,71.8,21.1,7.1,0.0
Silver City,MS,70.4,21.1,8.1,0.3
Silver City,NM,68.9,23.5,7.0,0.6
Silver Creek,NE,75.4,11.2,13.1,0.2
Silverton,TX,62.9,23.6,12.4,1.1
Simpson,IL,74.8,18.0,6.5,0.7
Singer,LA,75.2,18.9,5.8,0.0
Sioux Falls,SD,86.1,9.2,4.6,0.1
Sitka,AK,60.1,28.2,11.7,0.0
Skagway,AK,68.2,22.5,7.5,1.8
Skamokawa,WA,63.4,27.4,9.2,0.0
Skidmore,MO,72.5,16.1,11.05,0.35
Slaterville Springs,NY,78.4,13.6,7.8,0.2
Sledge,MS,82.6,15.6,1.7,0.1
Slinger,WI,87.7,8.2,4.1,0.1
Smartville,CA,69.0,21.5,9.3,0.2
Smelterville,ID,76.9,15.8,6.8,0.4
Smithburg,WV,72.7,21.6,5.7,0.0
Smithfield,NC,77.5,17.4,5.0,0.1
Smithville,GA,68.5,25.9,4.6,1.0
Smithville,TN,79.7,13.4,6.8,0.2
Sneedville,TN,64.4,22.1,13.5,0.0
Snelling,CA,76.7,16.2,7.0,0.2
Snook,TX,69.4,21.7,8.4,0.5
Snyder,TX,77.7,16.2,6.0,0.1
Social Circle,GA,70.8,20.3,8.2,0.8
Soddy Daisy,TN,69.1,20.4,10.3,0.2
Soldier,KS,77.0,13.1,9.4,0.5
Solon Springs,WI,80.9,14.4,4.6,0.1
Somerset,OH,79.3,15.9,4.8,0.0
Somerville,OH,84.6,11.0,4.3,0.1
Sondheimer,LA,74.1,21.8,4.1,0.0
Sonora,TX,76.5,14.6,8.6,0.3
Sorento,IL,82.1,11.6,6.0,0.3
Sour Lake,TX,80.0,15.7,4.2,0.1
South Beloit,IL,85.0,10.4,4.5,0.2
South Bend,IN,85.9,9.4,4.6,0.1
South Fork,CO,68.6,18.8,12.6,0.0
South Plains,TX,73.8,16.8,9.2,0.1
South Portsmouth,KY,79.9,15.0,5.0,0.1
South Sioux City,NE,87.3,7.3,5.2,0.2
Southport,ME,73.2,13.7,12.9,0.1
Sparks,NV,72.9,16.4,10.7,0.0
Sparta,GA,68.85,26.45,4.65,0.0
Spearville,KS,81.6,12.6,5.4,0.4
Speedwell,TN,78.0,15.8,6.1,0.0
Speedwell,VA,79.1,15.5,5.2,0.2
Spencer,ID,74.4,21.5,3.4,0.7
Spirit Lake,IA,79.3,9.6,10.9,0.2
Spiritwood,ND,75.4,15.8,8.2,0.6
Spotsylvania,VA,72.4,23.1,4.4,0.1
Spring Hill,KS,80.3,13.7,5.9,0.1
Spring Lake,MI,85.8,9.1,4.9,0.1
Springdale,AR,78.7,14.7,6.3,0.3
Springfield,CO,52.1,29.1,17.2,1.6
Springfield,ID,72.7,19.5,7.4,0.5
Springfield,IL,71.0,24.2,4.6,0.2
Springfield,OH,81.5,12.8,5.4,0.2
Springfield,OR,75.9,15.8,8.0,0.2
Springport,IN,81.3,11.7,6.8,0.3
Spruce Pine,NC,78.0,16.9,5.1,0.0
Squaw Lake,MN,77.5,15.7,6.3,0.5
Stafford,KS,63.1,22.7,13.5,0.7
Stanardsville,VA,71.2,21.5,7.2,0.1
Stanberry,MO,72.7,16.4,10.2,0.7
Stanchfield,MN,83.2,11.3,5.4,0.1
Stanley,VA,76.0,17.6,6.3,0.1
Stanton,TN,75.7,17.6,6.2,0.6
Staples,MN,78.8,12.5,8.6,0.1
Stapleton,GA,76.55000000000001,16.45,6.9,0.05
Stapleton,NE,73.3,14.0,11.6,1.1
Star,TX,71.3,19.5,9.0,0.2
Starbuck,MN,77.7,13.3,8.5,0.5
Starkville,MS,60.4,36.2,2.9,0.5
Staten Island,NY,74.1,21.4,4.4,0.1
Statenville,GA,78.8,12.7,8.5,0.0
Statesville,NC,81.0,12.3,6.5,0.2
Statham,GA,82.2,13.4,4.3,0.1
Steamboat Rock,IA,77.0,13.7,8.9,0.3
Steamboat Springs,CO,83.3,9.2,7.4,0.1
Steens,MS,74.8,19.6,5.5,0.1
Stephan,SD,66.0,19.2,13.4,1.4
Stephens,AR,76.1,19.6,4.3,0.1
Sterling,IL,81.4,13.4,4.9,0.3
Sterling,VA,78.5,16.9,4.5,0.1
Sterling City,TX,64.5,20.9,14.6,0.0
Stet,MO,69.9,16.0,13.3,0.8
Stevenson,AL,75.1,17.1,7.7,0.0
Stewart,OH,63.9,31.3,4.5,0.3
Stilwell,KS,83.8,10.9,5.2,0.1
Stilwell,OK,70.5,21.9,7.3,0.4
Stinnett,TX,80.2,13.9,5.8,0.1
Stockport,IA,79.6,9.3,10.5,0.5
Stockton,MD,76.1,17.3,6.5,0.2
Stockton,MO,73.5,16.2,9.6,0.7
Stone Harbor,NJ,72.9,20.8,6.0,0.3
Stone Lake,WI,69.1,19.9,10.3,0.7
Stoneville,NC,80.6,13.3,5.9,0.2
Stony Point,NC,83.0,12.1,4.8,0.1
Stony Point,NY,78.2,15.9,5.7,0.1
Stowell,TX,77.9,15.9,6.1,0.1
Strafford,MO,79.6,11.9,8.4,0.1
Strandburg,SD,71.8,11.9,16.3,0.0
Strasburg,CO,82.6,11.6,5.6,0.2
Stratford,CA,68.2,25.7,5.9,0.2
Stratford,TX,75.1,13.2,11.3,0.4
Stratford,WI,84.5,9.7,5.5,0.3
Strawn,TX,76.7,14.1,9.0,0.2
Streetman,TX,73.6,19.0,7.3,0.2
Stringtown,OK,68.3,22.9,8.3,0.4
Stuart,FL,81.7,11.4,6.7,0.2
Suamico,WI,84.6,11.0,4.3,0.1
Sudlersville,MD,72.6,19.8,7.6,0.1
Suffolk,VA,71.7,24.1,4.1,0.1
Sugar City,CO,66.7,27.3,6.0,0.0
Sugar City,ID,83.0,10.6,6.1,0.2
Sula,MT,71.3,15.0,13.1,0.5
Sulligent,AL,79.6,15.5,3.9,0.9
Sullivan,IL,81.7,10.1,8.0,0.1
Sullivan,KY,71.2,22.6,6.0,0.2
Sulphur,LA,80.1,14.7,5.0,0.2
Sulphur Springs,TX,76.7,13.2,9.8,0.3
Summerfield,KS,75.1,13.8,10.8,0.3
Summersville,MO,70.8,21.0,7.9,0.3
Summertown,TN,75.8,14.8,9.0,0.5
Summit,MS,76.65,14.5,8.2,0.6
Summit,SD,63.8,21.1,14.6,0.5
Sumner,MO,72.3,14.5,13.0,0.2
Sunburg,MN,72.5,14.8,12.4,0.3
Sunbury,NC,74.6,21.9,3.5,0.0
Sunbury,PA,81.9,12.7,5.1,0.3
Sundance,WY,70.2,20.2,8.3,1.3
Sunnyside,WA,78.6,16.9,4.3,0.1
Sunset,LA,77.7,16.2,5.9,0.1
Suquamish,WA,65.3,27.6,7.0,0.1
Surry,VA,77.2,18.2,4.6,0.0
Sutton,AK,70.6,21.5,7.8,0.2
Swanquarter,NC,55.0,27.0,18.1,0.0
Swansea,SC,73.2,20.5,6.3,0.0
Sweet,ID,67.2,20.5,10.8,1.5
Sweetwater,TN,81.8,11.2,6.9,0.1
Sycamore,GA,76.1,16.1,7.8,0.0
Sylacauga,AL,76.6,17.5,5.9,0.0
Sylva,NC,75.6,16.2,7.8,0.4
Symsonia,KY,78.1,15.0,6.6,0.2
Syracuse,KS,64.8,16.6,17.9,0.7
Syracuse,UT,76.5,19.2,4.1,0.1
Tacoma,WA,75.9,18.7,5.3,0.1
Tahoka,TX,65.9,21.7,12.5,0.0
Talala,OK,80.5,13.4,5.9,0.2
Tallahassee,FL,64.4,31.2,4.3,0.1
Talmage,NE,75.5,15.9,8.4,0.1
Tannersville,VA,76.2,17.6,5.9,0.3
Taos Ski Valley,NM,67.4,19.7,12.9,0.0
Tappahannock,VA,77.6,17.7,4.4,0.3
Tarpley,TX,69.2,19.0,11.6,0.3
Taylor,AR,65.3,20.8,11.5,2.5
Taylor,MO,80.9,11.3,7.7,0.1
Taylor,MS,67.2,27.4,5.4,0.0
Taylorsville,KY,79.5,13.8,6.5,0.2
Taylorsville,NC,80.3,13.6,5.9,0.1
Tea,SD,83.3,10.8,5.9,0.0
Teigen,MT,57.9,22.0,18.9,1.2
Tekonsha,MI,83.7,11.9,4.3,0.1
Tell,TX,62.0,31.7,6.1,0.2
Terra Bella,CA,76.8,16.5,6.5,0.3
Terre Haute,IN,83.8,12.6,3.6,0.1
Terrebonne,OR,69.9,23.3,6.7,0.1
Terry,MT,46.4,23.6,27.4,2.6
The Dalles,OR,74.8,16.8,8.3,0.1
Thedford,NE,57.9,22.3,19.2,0.5
Theodosia,AR,77.1,13.8,9.1,0.0
Thornton,WV,79.2,16.1,4.7,0.0
Three Rivers,TX,73.5,14.2,12.1,0.2
Three Springs,PA,77.8,15.1,7.0,0.2
Tignall,GA,76.4,16.8,6.8,0.1
Tilden,NE,69.7,14.6,15.4,0.4
Tilden,TX,60.5,25.6,12.7,1.2
Tiline,KY,80.2,13.9,5.9,0.0
Tillar,AR,69.9,25.7,4.5,0.0
Timewell,IL,73.8,17.4,8.8,0.0
Timmonsville,SC,79.8,14.5,5.5,0.3
Tioga,ND,58.2,27.2,12.1,2.4
Tippecanoe,IN,81.3,10.4,7.8,0.5
Tiptonville,KY,63.1,29.9,6.4,0.5
Tobias,NE,71.8,12.1,15.8,0.3
Tokio,TX,70.2,19.7,9.8,0.3
Toledo,IL,79.7,11.2,8.4,0.8
Toledo,OH,82.9,12.2,4.7,0.2
Toluca,IL,81.0,10.6,7.8,0.6
Topeka,KS,75.3,20.0,4.6,0.1
Topton,NC,74.4,14.2,10.6,0.8
Torrey,UT,68.0,21.1,10.9,0.0
Tow,TX,72.0,11.4,16.4,0.2
Townsend,MT,65.3,21.4,12.7,0.6
Trade,TN,65.6,24.8,9.4,0.2
Trail City,SD,34.9,49.2,14.7,1.2
Treloar,MO,85.0,9.2,5.5,0.3
Trenton,MO,74.7,16.4,8.2,0.6
Trenton,NJ,78.1,17.4,4.4,0.1
Tribune,KS,64.2,19.1,16.6,0.2
Trimble,TN,77.1,16.4,6.3,0.2
Trinchera,CO,67.3,23.5,9.0,0.1
Trion,GA,80.8,12.35,6.45,0.39999999999999997
Tripp,SD,63.9,23.3,12.3,0.5
Trout,LA,73.3,20.4,6.1,0.3
Trout Creek,MT,61.7,16.3,21.4,0.6
Troy,NY,70.9,25.0,4.0,0.1
Troy,VA,67.1,24.7,8.0,0.1
Truckee,CA,71.6,15.5,12.600000000000001,0.35
Trujillo Alto,PR,68.9,21.0,10.1,0.0
Truman,MN,79.7,11.2,8.5,0.7
Trumbull,NE,78.6,13.3,7.9,0.2
Tuckasegee,NC,67.4,24.6,7.9,0.1
Tullahoma,TN,75.4,17.0,7.4,0.2
Tumacacori,AZ,68.0,20.5,11.0,0.5
Tunkhannock,PA,85.1,8.3,6.4,0.1
Tununak,AK,53.2,44.8,2.0,0.0
Turkey,TX,70.9,15.0,10.1,4.0
Tuscumbia,MO,73.8,15.9,9.6,0.7
Tuthill,SD,44.9,36.6,17.6,0.9
Tuttle,OK,76.2,17.2,6.4,0.1
Tutwiler,MS,68.5,23.7,7.5,0.3
Twin Lake,MI,84.2,11.0,4.7,0.1
Twin Lakes,CO,72.5,19.6,7.9,0.0
Two Dot,MT,51.4,9.5,33.0,6.1
Two Harbors,MN,74.8,17.4,7.8,0.1
Tylerton,MD,65.8,29.2,4.9,0.1
Tyndall,SD,61.0,21.1,17.4,0.6
Tyner,NC,65.1,23.6,10.7,0.7
Tyro,VA,69.1,16.1,14.2,0.6
Tyrone,GA,79.2,15.8,4.9,0.1
Ullin,IL,71.4,22.5,6.0,0.1
Ulysses,KS,65.3,24.2,10.0,0.5
Umpire,AR,77.5,15.1,7.4,0.0
Unalaska,AK,77.9,18.9,3.2,0.0
Underwood,IN,84.6,11.7,3.4,0.3
Union,MS,74.5,19.3,6.2,0.0
Union,SC,77.0,17.8,4.9,0.3
Union Point,GA,80.9,13.4,5.6,0.1
Union Star,KY,75.2,21.5,3.3,0.0
Uniontown,AR,80.4,14.7,4.8,0.1
Unionville,IN,73.2,21.2,5.5,0.1
Unionville,MI,81.1,12.0,6.6,0.2
University Park,IA,81.6,10.5,7.2,0.6
Upland,IN,82.6,12.9,4.4,0.1
Upland,NE,67.9,17.9,13.8,0.3
Urbana,IL,65.8,29.1,5.0,0.1
Utica,SD,77.2,14.8,7.9,0.1
Utuado,PR,58.0,34.0,7.3,0.7
Valdosta,GA,73.5,19.7,6.6,0.25
Vale,OR,70.6,19.1,9.8,0.5
Vale,SD,70.0,15.4,13.7,0.9
Vallejo,CA,76.8,12.5,10.5,0.1
Valley Center,KS,82.8,12.5,4.6,0.1
Valley Grove,WV,81.3,14.7,3.9,0.1
Valley Lee,MD,65.8,30.1,4.1,0.1
Valley Springs,AR,78.0,12.6,8.9,0.5
Valley Springs,CA,65.2,20.3,13.9,0.6
Valley Stream,NY,78.0,16.4,5.5,0.1
Vallonia,IN,86.0,8.6,5.2,0.2
Van,TX,80.9,12.7,6.3,0.1
Van Buren,OH,86.2,9.0,4.7,0.1
Van Horn,TX,74.7,19.1,6.2,0.0
Vanderbilt,MI,82.2,12.2,5.3,0.3
Vanderbilt,TX,76.1,13.6,9.3,1.0
Vanleer,TN,66.8,19.2,13.9,0.1
Vanzant,MO,80.2,11.7,7.8,0.3
Varnell,GA,86.6,9.4,3.9,0.0
Varnville,SC,71.5,20.5,7.6,0.4
Vaughn,NM,56.7,38.4,4.3,0.5
Vega Alta,PR,73.7,20.7,5.433333333333333,0.16666666666666666
Venango,NE,59.0,21.7,18.7,0.7
Ventura,IA,82.5,10.9,6.3,0.2
Venus,PA,77.4,15.7,6.6,0.2
Vernal,UT,78.6,16.3,4.7,0.4
Vernon,NJ,78.8,14.3,6.7,0.1
Vero Beach,FL,80.8,12.9,6.1,0.2
Verona,VA,71.7,22.2,5.9,0.2
Versailles,KY,77.6,15.0,7.3,0.1
Vevay,IN,79.0,14.8,6.2,0.0
Vian,OK,72.9,20.2,6.6,0.3
Vicksburg,MI,82.7,11.5,5.7,0.1
Vicksburg,MS,71.8,24.3,3.7,0.2
Victoria,KS,74.8,18.0,7.0,0.2
Victoria,TX,80.1,12.5,7.1,0.3
Victory Mills,NY,76.2,18.1,5.6,0.1
Vidalia,GA,74.7,19.2,6.1,0.0
Vienna,ME,71.9,20.1,7.8,0.2
Vienna,SD,74.9,11.2,13.4,0.5
Vieques,PR,44.5,41.6,13.6,0.3
Villalba,PR,59.2,27.5,13.1,0.2
Villard,MN,79.0,13.1,7.7,0.2
Ville Platte,LA,78.6,14.5,6.9,0.0
Villisca,IA,72.9,12.8,13.9,0.4
Vincent,KY,53.2,35.5,11.3,0.0
Virginia Beach,VA,74.1,21.4,4.5,0.1
Volborg,MT,72.4,17.4,10.1,0.2
Wa Keeney,KS,66.6,20.7,12.5,0.2
Wabeno,WI,64.0,25.3,10.6,0.0
Waco,NE,76.8,13.1,10.0,0.1
Waddy,KY,60.2,34.1,5.5,0.1
Wakefield,KS,60.0,35.1,4.5,0.4
Walden,CO,66.2,24.2,8.6,0.9
Walkerton,IN,84.0,11.1,4.8,0.1
Wall,TX,76.8,16.5,6.6,0.1
Walla Walla,OR,74.2,19.1,6.5,0.2
Wallace,KS,57.9,20.1,21.5,0.5
Wallace,NC,76.5,15.0,8.1,0.4
Walland,TN,79.6,13.2,7.0,0.1
Walnut,IL,77.1,14.7,7.9,0.3
Walnut,KS,75.6,18.4,5.6,0.4
Walnut,MS,79.0,14.35,6.6,0.1
Walsenburg,CO,63.2,24.2,12.2,0.5
Walstonburg,NC,76.2,18.4,5.3,0.1
Walton,KS,81.3,13.3,5.1,0.2
Wanchese,NC,74.6,14.3,10.9,0.2
Wann,OK,79.2,15.1,5.5,0.3
Ward Cove,AK,62.7,29.5,7.3,0.6
Warfield,KY,74.2,21.0,4.8,0.0
Warner Robins,GA,72.8,21.2,6.0,0.1
Warren,ME,73.2,12.4,14.3,0.1
Warren,TX,74.6,19.8,5.3,0.3
Warren,VT,72.2,18.4,9.1,0.3
Warsaw,KY,82.4,12.6,4.6,0.5
Wartrace,TN,74.4,14.3,10.7,0.5
Warwick,GA,70.5,20.7,8.6,0.1
Washburn,TN,75.6,13.0,9.8,1.6
Washington,KS,72.4,16.7,10.4,0.4
Washington,KY,78.0,16.3,5.6,0.1
Washington Court House,OH,79.7,13.4,6.6,0.3
Washougal,WA,73.1,20.4,6.3,0.2
Wataga,IL,81.6,12.4,5.9,0.1
Waterloo,AL,77.3,16.7,5.8,0.2
Waterloo,IA,81.0,14.3,4.6,0.1
Waterloo,OH,80.6,15.1,4.4,0.0
Waterproof,LA,68.7,22.3,9.0,0.0
Wathena,KS,73.1,18.1,7.6,1.2
Watkins Glen,NY,74.7,15.3,9.9,0.1
Watrous,NM,50.7,43.9,5.2,0.2
Watseka,IL,78.6,11.6,9.5,0.3
Waubun,MN,59.2,32.4,8.2,0.2
Wauchula,FL,78.9,14.7,6.3,0.1
Waucoma,IA,79.0,10.6,10.2,0.2
Waupaca,WI,80.2,14.5,5.1,0.2
Waurika,OK,71.8,16.9,11.1,0.1
Wautoma,WI,78.8,13.8,7.2,0.2
Waverly,IA,82.5,10.6,6.8,0.1
Waverly,MO,77.0,15.7,7.1,0.2
Waxahachie,TX,78.5,14.2,7.3,0.1
Waycross,GA,74.3,17.2,7.9,0.6
Wayland,MO,74.0,15.7,9.9,0.4
Wayne,OK,77.2,14.6,7.8,0.4
Waynesboro,VA,80.5,16.0,3.5,0.0
Waynesburg,KY,78.3,13.8,7.8,0.1
Waynesville,IL,77.0,15.7,7.3,0.0
Waynetown,IN,80.4,12.5,6.8,0.4
Weatherford,TX,76.6,15.2,8.0,0.2
Weaubleau,MO,72.4,17.2,10.4,0.0
Webb,IA,81.1,9.9,8.6,0.3
Webb City,MO,81.9,11.2,6.8,0.2
Webbville,KY,66.6,24.3,8.3,0.9
Webster,IA,70.0,16.3,13.2,0.4
Weinert,TX,62.4,22.5,15.0,0.2
Weirton,WV,79.5,16.5,4.0,0.0
Welch,TX,68.5,21.9,9.5,0.1
Welcome,MN,79.8,9.3,10.5,0.3
Welda,KS,68.0,13.1,18.7,0.3
Wellington,TX,70.7,18.3,11.0,0.0
Wellman,IA,70.7,19.2,9.9,0.2
Wellston,OH,75.7,18.4,5.8,0.0
Wellsville,MO,75.8,13.8,10.1,0.4
Wellton,AZ,73.1,21.9,4.9,0.1
Wenden,AZ,60.8,31.3,7.9,0.0
West Branch,MI,79.3,11.9,8.7,0.1
West Fargo,ND,82.9,12.6,4.5,0.1
West Harrison,IN,85.2,9.5,5.0,0.3
West Liberty,IA,81.4,13.1,5.4,0.2
West Liberty,KY,64.6,29.3,5.7,0.4
West Liberty,OH,82.3,10.0,7.7,0.1
West Monroe,LA,79.8,15.7,4.4,0.1
West Palm Beach,FL,82.6,10.8,6.5,0.1
West Pawlet,VT,76.7,14.4,8.7,0.3
West Point,IA,81.1,12.7,5.8,0.4
West Salem,IL,85.8,8.3,5.9,0.0
West Salem,OH,80.7,10.8,8.1,0.3
Westcliffe,CO,49.9,23.3,26.6,0.2
Westerville,OH,80.0,14.2,5.7,0.1
Westfield,WI,80.0,12.6,7.3,0.2
Westhope,ND,67.7,16.7,15.0,0.6
Weston,OR,74.3,19.0,6.5,0.2
Westpoint,TN,69.4,22.5,8.1,0.0
Westport,IN,87.2,8.9,3.8,0.0
Westport,SD,56.6,17.7,22.6,3.0
Wewahitchka,FL,69.6,24.2,5.9,0.3
Wheatland,WY,63.4,21.8,14.8,0.0
Wheelersburg,OH,75.9,18.8,4.9,0.4
White City,OR,75.6,13.7,10.6,0.1
White House,TN,79.1,12.9,7.8,0.2
White Lake,MI,86.1,8.8,5.0,0.2
White Mountain,AK,50.6,44.0,5.2,0.2
White Pigeon,MI,84.5,9.4,5.9,0.1
White Sulphur Springs,WV,76.3,16.4,7.1,0.1
Whitehall,MT,63.2,22.3,13.399999999999999,1.1
Whites City,NM,79.2,15.6,5.3,0.0
Whitewater,MT,59.0,24.2,15.2,1.6
Whiting,VT,76.1,11.5,12.2,0.2
Whitman,NE,58.5,21.6,18.6,1.3
Whitney,TX,77.1,15.0,7.6,0.3
Whitwell,TN,75.65,15.2,9.0,0.1
Wibaux,MT,56.2,28.4,14.7,0.7
Wichita,KS,77.7,17.4,4.7,0.2
Wichita Falls,TX,74.6,19.2,6.0,0.2
Wilderville,OR,76.0,13.2,10.7,0.1
Wildorado,TX,78.0,13.6,7.9,0.5
Wildrose,ND,54.9,15.3,29.8,0.0
Wildwood,FL,79.6,13.4,7.0,0.1
Willard,NY,74.5,18.4,6.9,0.2
Williams,AZ,72.2,23.3,4.4,0.1
Williams,MN,78.3,8.8,12.9,0.0
Williamsburg,KY,76.05,18.5,5.0,0.45
Williamsburg,MO,70.8,24.0,4.6,0.6
Williamsburg,NM,59.5,30.0,10.2,0.3
Williamsburg,VA,67.85,27.950000000000003,4.05,0.15000000000000002
Williamson,GA,77.3,17.7,4.6,0.3
Williamsville,VT,74.3,12.4,13.2,0.1
Williston,FL,80.3,12.4,6.9,0.4
Willmar,MN,78.1,14.3,7.1,0.5
Willow,OK,61.9,27.0,10.8,0.4
Wilmar,AR,68.2,23.5,7.9,0.4
Wilmington,NC,79.4,12.6,7.8,0.2
Wilmington,NY,70.2,20.4,9.2,0.3
Wilmore,KS,62.7,20.4,16.4,0.5
Wilmot,SD,77.6,11.7,10.7,0.1
Wilsey,KS,66.5,19.3,13.7,0.5
Wilson,LA,68.3,26.1,5.6,0.0
Wilton,AR,74.0,22.1,3.9,0.0
Wimberley,TX,73.5,19.4,7.0,0.2
Winamac,IN,81.0,12.3,6.6,0.1
Winchester,KY,79.9,14.2,5.3,0.6
Winchester,OH,81.4,12.3,6.0,0.3
Winchester,VA,78.85,15.350000000000001,5.65,0.2
Winder,GA,70.0,22.9,6.9,0.2
Windfall,IN,82.1,12.1,5.5,0.2
Winnebago,NE,52.4,37.8,9.8,0.0
Winnemucca,NV,69.3,26.7,4.0,0.0
Winnsboro,TX,73.65,14.649999999999999,11.15,0.55
Winona,KS,59.8,23.0,16.9,0.3
Winslow,IL,80.8,10.4,8.7,0.1
Winter Park,FL,84.7,10.35,4.85,0.1
Winters,TX,67.7,19.9,12.1,0.4
Winterville,GA,74.1,17.4,8.4,0.1
Wister,OK,66.8,25.2,7.7,0.3
Witten,SD,57.7,19.6,22.3,0.5
Wolf Point,MT,48.8,22.2,27.8,1.2
Woodburn,IA,82.3,11.1,6.2,0.5
Woodbury,TN,77.3,14.1,8.1,0.5
Woodland,CA,65.6,28.1,6.1,0.2
Woodland,GA,75.4,19.3,4.8,0.5
Woodland,MI,77.1,17.9,4.7,0.4
Woodville,VA,63.5,21.5,15.0,0.0
Woodward,IA,74.3,19.7,5.8,0.2
Worland,WY,70.5,20.25,8.75,0.6
Worthington,IA,78.3,9.4,11.6,0.7
Wray,CO,75.5,12.9,11.4,0.2
Wray,GA,75.7,18.9,5.3,0.1
Wynne,AR,76.9,17.2,6.0,0.0
Wyoming,MN,81.4,13.3,5.2,0.2
Yabucoa,PR,65.1,27.6,7.3,0.0
Yakutat,AK,52.8,37.1,10.1,0.0
Yale,SD,77.8,13.9,8.0,0.3
Yancey,TX,73.6,17.3,9.0,0.1
Yazoo City,MS,74.3,18.9,6.6,0.2
Yeso,NM,66.2,25.5,8.2,0.0
Yoakum,TX,72.9,16.05,10.85,0.2
York,PA,84.1,11.1,4.7,0.1
Yorkshire,OH,85.1,9.8,4.8,0.3
Young America,IN,82.0,13.3,4.5,0.2
Young Harris,GA,71.0,18.9,10.1,0.0
Youngstown,OH,82.3,12.3,5.3,0.1
Youngsville,LA,82.0,11.2,6.6,0.2
Ypsilanti,MI,76.4,18.6,4.7,0.2
Yuma,CO,61.0,24.2,14.5,0.3
Zachary,LA,77.2,18.0,4.7,0.1
Zalma,MO,79.4,10.6,10.0,0.1
Zebulon,NC,79.5,14.8,5.6,0.1
Zeigler,IL,76.8,16.4,6.6,0.2
Zenda,KS,69.7,14.6,15.6,0.1
Zwingle,IA,79.3,10.1,10.4,0.2
